,followers,username,id_post,video_count,url_img,link_post,owner,caption,comment_count,taken_at_timestamp,taken_at_time,shortcode,is_video,likes_count
0,1283,or_shmul,1627655237685711385,0,https://instagram.fprg2-1.fna.fbcdn.net/t51.2885-15/e35/22582680_802196879950272_4415522552642797568_n.jpg,https://www.instagram.com/p/BaWl9CjD5IZ,45547257,💞,7,1508251646,2017-10-17 14:47:26,BaWl9CjD5IZ,False,138
1,741,fathy_abo_dahis,1641992705372560728,0,https://instagram.fprg2-1.fna.fbcdn.net/t51.2885-15/e35/23161315_158704191535597_1950949754171031552_n.jpg,https://www.instagram.com/p/BbJh6p3g51Y,3470341263,,1,1509960805,2017-11-06 09:33:25,BbJh6p3g51Y,False,24
2,867,iamkurdapya,1644299880334917484,0,https://instagram.fprg2-1.fna.fbcdn.net/t51.2885-15/e35/23416761_293510117811034_170805862904889344_n.jpg,https://www.instagram.com/p/BbRugd_lH9s,226907530,☝,0,1510235842,2017-11-09 13:57:22,BbRugd_lH9s,False,6
3,5131,abhishekraghav015,1637736956104215547,0,https://instagram.fprg2-1.fna.fbcdn.net/t51.2885-15/e35/23101515_140959406537734_4222914009814269952_n.jpg,https://www.instagram.com/p/Ba6aRWgHwv7,3106737762,#like4like#followforfollow#justinbieber#selenagomez#insta#instalove#instalike#selenator#belieber,9,1509453480,2017-10-31 12:38:00,Ba6aRWgHwv7,False,211
4,5051,misstribu,1643430709473145791,0,https://instagram.fprg2-1.fna.fbcdn.net/t51.2885-15/e35/23417266_491974004513746_831213202707578880_n.jpg,https://www.instagram.com/p/BbOo4XjHXO_,595372894,#regram @nathalie_dmitrovic #newshop #marseille #ruegrignan #àdécouvrir #misstribu #selection  #createur #art,2,1510132229,2017-11-08 09:10:29,BbOo4XjHXO_,False,55
5,465,moranmarima,1644371575393638121,0,https://instagram.fprg2-1.fna.fbcdn.net/t51.2885-15/e35/23279845_154361751964298_2010665746799001600_n.jpg,https://www.instagram.com/p/BbR-zxOFlbp,255202154,"@anatfriedman FW_ 17/18
PH | @liorandhadas 
MU | @moranmarima 
Model | Maria for @elinorshaharpersonalmanagement 
#anatfriedman #moranmarimamakeupartist #makeupbymoranmarima #liorandhadasphotographers #photoshoots #fashion #makeupartists #models#beautymakeup #wintercollection #fallwinter17",0,1510244388,2017-11-09 16:19:48,BbR-zxOFlbp,False,24
6,4900,elizabethvdg,1642287665808460011,0,https://instagram.fprg2-1.fna.fbcdn.net/t51.2885-15/e35/23348046_182849482291617_2253537828036149248_n.jpg,https://www.instagram.com/p/BbKk-5LhMjr,1495458765,Thank you @thezoereport #nothinglikehighshine @tomford @alexanderwangny @gianvitorossi @netaporter 🌧💦 come any day!,41,1509995967,2017-11-06 19:19:27,BbKk-5LhMjr,False,442
7,455,accessories_phone_sale,1641509454729825470,107,https://instagram.fprg2-1.fna.fbcdn.net/t51.2885-15/e15/23279980_127130151336217_425960532701347840_n.jpg,https://www.instagram.com/p/BbH0Cboncy-,6046227131,עוד לקוחה מרוצה ✔️ @shirmuharer,1,1509903225,2017-11-05 17:33:45,BbH0Cboncy-,True,44
8,168.4,clairesulmers,1644680485244372895,0,https://instagram.fprg2-1.fna.fbcdn.net/t51.2885-15/e35/23416375_2006600722941740_3376006451146260480_n.jpg,https://www.instagram.com/p/BbTFC_8Agef,376029909,Browsing... @modaoperandi,6,1510281213,2017-11-10 02:33:33,BbTFC_8Agef,False,390
9,599,adi_greenberger,1644854007208220361,0,https://instagram.fprg2-1.fna.fbcdn.net/t51.2885-15/e35/23347751_1187176161426307_7519477670657130496_n.jpg,https://www.instagram.com/p/BbTsgE3BhbJ,231299718,"יין + מיקרופון?! השילוב המושלם!
היום מערוץ 10 שלחו אותי לסקר את פסטיבל היין ה-19 במטה יהודה!

#בוקרטוב
#שיכורהב10בבוקר #עוברתלערוץהחייםהטובים
#bestjobever",0,1510301899,2017-11-10 08:18:19,BbTsgE3BhbJ,False,4
10,665,baretrogi,1642800618785781908,0,https://instagram.fprg2-1.fna.fbcdn.net/t51.2885-15/e35/23279608_292132417942427_1243089098831298560_n.jpg,https://www.instagram.com/p/BbMZnV3hLiU,219719566,When I miss my baby Izzy💘😥,9,1510057116,2017-11-07 12:18:36,BbMZnV3hLiU,False,102
11,3698,_sofiadangelo_,1637690537070680453,0,https://instagram.fprg2-1.fna.fbcdn.net/t51.2885-15/e35/22858088_152276002050519_2914457596091957248_n.jpg,https://www.instagram.com/p/Ba6Pt3aHdmF,1112404753,Tramonti rosa 🇮🇹 #milano #pink #sunset,0,1509447947,2017-10-31 11:05:47,Ba6Pt3aHdmF,False,162
12,86,kingkaitlyn05,1631403109724836462,0,https://instagram.fprg2-1.fna.fbcdn.net/t51.2885-15/e35/22710168_1090437134393071_6895829697515487232_n.jpg,https://www.instagram.com/p/Baj6HwYndJu,5808099755,😒😂Funny,0,1508698427,2017-10-22 18:53:47,Baj6HwYndJu,False,12
13,472,patriciaortiz__design,1644254453756728407,0,https://instagram.fprg2-1.fna.fbcdn.net/t51.2885-15/e35/23416824_1967336936814999_9195027215501230080_n.jpg,https://www.instagram.com/p/BbRkLbMhhRX,3882324446,"Shooting Aires de la Sabana
Modelos: @nataliagomjimoficial 
Fotografia: @frannavas_ 
Diseñadora: @patriciaortiz__design Colaboracion: @elbalneario
#airesdelasabana #shooting #shootingstars #shootingday #sesion #makeup #áfrica #tribu #elbalneario #paraíso #paradise #dreams #design #designer #diseñadora #Málaga #moda #modaespañola #photo #photographer #photography #fashion #fashionshow #fashiondesign #fashionphotography #fashionmakeup #modelos #models #top #modelos #patriciaortizdiseñadora",1,1510230426,2017-11-09 12:27:06,BbRkLbMhhRX,False,38
14,13.1,havalava,1640750253156142650,1332,https://instagram.fprg2-1.fna.fbcdn.net/t51.2885-15/e15/23164405_1495221700525555_6162104968162574336_n.jpg,https://www.instagram.com/p/BbFHamEgQ46,2618349,Last night with this handsome fella. @benjaminhazlett,2,1509812755,2017-11-04 16:25:55,BbFHamEgQ46,True,223
15,1351,paolanmd,1557558690373174565,0,https://instagram.fprg2-1.fna.fbcdn.net/t51.2885-15/e35/19954840_1067549730047986_2161716946280644608_n.jpg,https://www.instagram.com/p/BWdj2BohAUl,3935840151,,4,1499895486,2017-07-12 21:38:06,BWdj2BohAUl,False,244
16,5065,giorgiacantarini,1644156926608920781,0,https://instagram.fprg2-1.fna.fbcdn.net/t51.2885-15/e35/23498612_126503161355388_6218024969910091776_n.jpg,https://www.instagram.com/p/BbROAN9hdDN,25328980,Subversive and elegant @situationist_official situationist_official @mbfashionweektbilisi #mercedesbenzfashionweektbilisi #mbfw2017 #georgiandesigners #iraklirusadze,3,1510218800,2017-11-09 09:13:20,BbROAN9hdDN,False,89
17,13.3,desiree.dibella,1637910971030838236,0,https://instagram.fprg2-1.fna.fbcdn.net/t51.2885-15/e35/23098672_391305554621918_1009910775961092096_n.jpg,https://www.instagram.com/p/Ba7B1miAhvc,328878838,"What time is it? ⏱
••••••
Thanks @danielwellington for my most beautiful clock 🖤
••••••
Puoi avere anche tu il tuo #danielwellington con il 15% di sconto usando il codice DESIREEDIBELLA (valido per qualsiasi modello o accessorio) fino al 30.11.17 Possibile anche il pagamento alla consegna. 
Scegli il tuo preferito qui➡www.danielwellington.com",16,1509474224,2017-10-31 18:23:44,Ba7B1miAhvc,False,777
18,85,fashionandstyle5102,1613046594151961159,0,https://instagram.fprg2-1.fna.fbcdn.net/t51.2885-15/e35/21911334_105707743480893_6097338175598886912_n.jpg,https://www.instagram.com/p/BZisVTClNJH,1155252437,"Street style 👀 #fashion #fashionweek #milan #outfit #instagram #instapic #like4like #2017
#accessories #instalike #instamood #streetstyle #style #detail",4,1506510160,2017-09-27 11:02:40,BZisVTClNJH,False,35
19,506,clarespieler,1639522124145912029,0,https://instagram.fprg2-1.fna.fbcdn.net/t51.2885-15/e35/23161552_143432476385332_8756528238743781376_n.jpg,https://www.instagram.com/p/BbAwK9zHGjd,296316812,What a great night working with the amazing team @makeeventsltd with the best MC @mattjohnsons @fayesmallwood @itshelens @beckycharlene #McrPAawards @mcrpaawards @victoriawarehouse #events #manchesterevents #eventplanner #eventprofs,1,1509666289,2017-11-02 23:44:49,BbAwK9zHGjd,False,46
20,206,rotembentora2327,1640697553924957281,0,https://instagram.fprg2-1.fna.fbcdn.net/t51.2885-15/e35/23101771_1270116129801323_6242755219801767936_n.jpg,https://www.instagram.com/p/BbE7buFjKRh,6002138877,בתוך הים....🐋🦐🐡,0,1509806411,2017-11-04 14:40:11,BbE7buFjKRh,False,13
21,201,yaelshachar12,1634918070803595931,0,https://instagram.fprg2-1.fna.fbcdn.net/t51.2885-15/e35/22710938_1697165103656353_3590501846667493376_n.jpg,https://www.instagram.com/p/BawZVK_HYKb,560455555,,7,1509117443,2017-10-27 15:17:23,BawZVK_HYKb,False,62
22,12.3,zuricelis,1641500487676363210,0,https://instagram.fprg2-1.fna.fbcdn.net/t51.2885-15/e35/23279247_356286104821322_659799717894422528_n.jpg,https://www.instagram.com/p/BbHx_8alIHK,517265171,"Life is like a cup of tea, it is all in how you make it.☕️ ●●●●●●●●●●●●●●●●●●●●●● Have you tried before @fruiteatox? 💁Stop the diet and start the lifestyle with 100% natural Fruiteatox fruity teatox. 🗣Learn more and order yours at 🔴http://www.fruiteatox.com/?afmc=1k (link in my bio) ●●●●●●●●●●●●●●●●●●●●●● 📷 @jujuwanderer

#fruiteatox #stopthedietstartalifestyle #daytoxtea #lemontea #detoxtea #teatox #healthylifestyle #wellbeing
.
.
.🌻
.
.
.🌼
.
#lifestyle #style #stylish #TagsForLikes #photooftheday #nails #hair #beauty #beautiful #instagood #pretty #girl #eyes #garden #follow4follow #model #fitgirl #travel #holidays #blonde #followme",28,1509902128,2017-11-05 17:15:28,BbHx_8alIHK,False,848
23,192,lnfitz0203,1635943086968493512,0,https://instagram.fprg2-1.fna.fbcdn.net/t51.2885-15/e35/22857713_129126074456263_668948457796403200_n.jpg,https://www.instagram.com/p/Ba0CZHrg1XI,464313682,Amy & Ziggy,8,1509239634,2017-10-29 01:13:54,Ba0CZHrg1XI,False,59
24,159,pazit82,1573970080109595231,0,https://instagram.fprg2-1.fna.fbcdn.net/t51.2885-15/e35/20583028_1896093727322398_7416333820590292992_n.jpg,https://www.instagram.com/p/BXX3XLYBopf,185501445,,1,1501851876,2017-08-04 13:04:36,BXX3XLYBopf,False,131
25,826,netayam,1604430606540568990,0,https://instagram.fprg2-1.fna.fbcdn.net/t51.2885-15/e35/21689216_1862453610751024_4997120270515830784_n.jpg,https://www.instagram.com/p/BZEFSLRnXme,10119441,and another one,8,1505483054,2017-09-15 13:44:14,BZEFSLRnXme,False,142
26,1047,natalil3,1635669587117485290,0,https://instagram.fprg2-1.fna.fbcdn.net/t51.2885-15/e35/22793935_1964306100489872_6238816094841208832_n.jpg,https://www.instagram.com/p/BazENLGDCzq,36796842,נשיקות נשיקות כל היום 💋💋💋,8,1509207031,2017-10-28 16:10:31,BazENLGDCzq,False,102
27,1468,lironwiner,1640065120971389320,0,https://instagram.fprg2-1.fna.fbcdn.net/t51.2885-15/e35/23099163_911543819013752_5373358057025699840_n.jpg,https://www.instagram.com/p/BbCronAAfmI,3410375330,*שבתשלום🤡🌷,2,1509731019,2017-11-03 17:43:39,BbCronAAfmI,False,44
28,2676,sjnippiesworld,1640040170843620322,0,https://instagram.fprg2-1.fna.fbcdn.net/t51.2885-15/e35/23161763_1939961762910118_2513527497136537600_n.jpg,https://www.instagram.com/p/BbCl9iYgUPi,32713705,#weekend 💃🏼 #redlips mix & match #necklace #diamond & #silver @azellien,18,1509728045,2017-11-03 16:54:05,BbCl9iYgUPi,False,160
29,5173,mariagraziadeluca,1642274408385167464,0,https://instagram.fprg2-1.fna.fbcdn.net/t51.2885-15/e35/23279929_1713261992060010_4094543729463918592_n.jpg,https://www.instagram.com/p/BbKh9-Pg0Bo,21451754,"Night💥
#love #instamood #trip #igersoftheday #instalove #instaday #igerfashion #photooftheday #photo #life #tagsforlikes #tags4follow #tags4follo #followme #like4like #like4follow #likeforlike #tagsforlikes #myman #mylove #happy #behappy #night #dinner #dinnertime #myhousbandandme",0,1509994387,2017-11-06 18:53:07,BbKh9-Pg0Bo,False,328
30,235,gali_deck,1639409973270419374,0,https://instagram.fprg2-1.fna.fbcdn.net/t51.2885-15/e35/23161610_256391808219804_7506215219668975616_n.jpg,https://www.instagram.com/p/BbAWq9KBBeu,1992802115,#nofilter #beach #tour #bout #view #clearwater #perfectpicture #nexus #nexus5 #nexus5photography #photography #photoshoot #photographer #pic #capture #,4,1509652919,2017-11-02 20:01:59,BbAWq9KBBeu,False,66
31,333,honigman_kids_bet_shean,1634824159338199973,0,https://instagram.fprg2-1.fna.fbcdn.net/t51.2885-15/e35/22802485_185562428682635_246661470752866304_n.jpg,https://www.instagram.com/p/BawD-lHlHul,3451713884,,0,1509106248,2017-10-27 12:10:48,BawD-lHlHul,False,51
32,564,samheck,1635453671318579768,0,https://instagram.fprg2-1.fna.fbcdn.net/t51.2885-15/e35/22860478_1443531609057423_4435792375918362624_n.jpg,https://www.instagram.com/p/BayTHL1jWo4,2491112,All the classics. PS nights,1,1509181291,2017-10-28 09:01:31,BayTHL1jWo4,False,25
33,130,beauty_fashion9436,1561543542735002231,0,https://instagram.fprg2-1.fna.fbcdn.net/t51.2885-15/e35/20066545_470159833338993_8959924773052219392_n.jpg,https://www.instagram.com/p/BWrt5QmBlp3,5697874434,#plasticsurgery #the_best! #beauty_fashion_style #follow4follow #in_love😍,3,1500370518,2017-07-18 09:35:18,BWrt5QmBlp3,False,311
34,414,roni_tesler,1633438460331969160,0,https://instagram.fprg2-1.fna.fbcdn.net/t51.2885-15/e35/22794312_259603197898433_548476965900779520_n.jpg,https://www.instagram.com/p/BarI6AWjEqI,39978779,Brown hair dont care 2 👊 😎,18,1508941060,2017-10-25 14:17:40,BarI6AWjEqI,False,97
35,336,avital_mat,1642966702101600025,0,https://instagram.fprg2-1.fna.fbcdn.net/t51.2885-15/e35/23416495_2005628149576804_8676705206395731968_n.jpg,https://www.instagram.com/p/BbM_YLAj5cZ,26709688,Family time with #comebuy,0,1510076915,2017-11-07 17:48:35,BbM_YLAj5cZ,False,22
36,5894,morin_atar,1644820106310361269,0,https://instagram.fprg2-1.fna.fbcdn.net/t51.2885-15/e35/23421265_1216188548481267_3384780704259768320_n.jpg,https://www.instagram.com/p/BbTkywMDKC1,183376702,"💃🏼💃🏼💃🏼
#shabatshalom",14,1510297858,2017-11-10 07:10:58,BbTkywMDKC1,False,149
37,1400,tali_berkovichmanes,1643669312245286017,0,https://instagram.fprg2-1.fna.fbcdn.net/t51.2885-15/e35/23279294_1756602651310647_8228825823495323648_n.jpg,https://www.instagram.com/p/BbPfIfsl0SB,194756235,"שחור לבן ומה שבינהם 🖤❤🖤
#blackandwhite #inspirebystyle #lovefashion #inspiredbyfashion #colorfull",8,1510160672,2017-11-08 17:04:32,BbPfIfsl0SB,False,88
38,513,jungxah,1635157176564534095,0,https://instagram.fprg2-1.fna.fbcdn.net/t51.2885-15/e15/22711095_305826879897621_1304635018110304256_n.jpg,https://www.instagram.com/p/BaxPsnlD0tP,291532284,"Wait, Slide, Jump! 🔝#LVTrain #NYCVVV #LouisVuitton #digital #interactive #newyork 🎥 @carolinamuller9",7,1509145947,2017-10-27 23:12:27,BaxPsnlD0tP,False,76
39,147,rinatreuvenmaya,1587129967521623696,0,https://instagram.fprg2-1.fna.fbcdn.net/t51.2885-15/e35/20969042_1987595064793865_4970934181329633280_n.jpg,https://www.instagram.com/p/BYGnkvmgO6Q,30805292,And then they were three...❤️#Romi#Omer#Amit,4,1503420657,2017-08-22 16:50:57,BYGnkvmgO6Q,False,39
40,26.5,idan_hasson,1644248474818323117,0,https://instagram.fprg2-1.fna.fbcdn.net/t51.2885-15/e35/23421788_318639605208683_6527959585335017472_n.jpg,https://www.instagram.com/p/BbRi0a4BiKt,10064537,"Moments of love ❤
By Idan Hasson 
#wedding #inspiration#IdanHasson #bridetobe#groom #photographer #canon #canon_official #canon_photos #love #instagood #instamood #me #photooftheday #iphonesia #love # #weddingplanner #weddingphotographer #trueffic #instagramhub #summer #instadaily #weddingday #weddingphotography 
#weddingblog #weddinginspiration #weedingisrael",5,1510229714,2017-11-09 12:15:14,BbRi0a4BiKt,False,222
41,180,nizahajaj,1557224304344899323,0,https://instagram.fprg2-1.fna.fbcdn.net/t51.2885-15/e35/19984641_449710292080939_8873860079481257984_n.jpg,https://www.instagram.com/p/BWcX0EYFR77,469654672,כרתים ונהנים,1,1499855624,2017-07-12 10:33:44,BWcX0EYFR77,False,141
42,159,hadarcad,1628297734719085427,0,https://instagram.fprg2-1.fna.fbcdn.net/t51.2885-15/e35/22637674_222805394921303_1424076503833903104_n.jpg,https://www.instagram.com/p/BaY4CmigRtz,3590788689,⛺,7,1508328237,2017-10-18 12:03:57,BaY4CmigRtz,False,42
43,5133,claudia.dellapace,1641426437281330669,0,https://instagram.fprg2-1.fna.fbcdn.net/t51.2885-15/e35/23161421_1746750975621854_2583407237812715520_n.jpg,https://www.instagram.com/p/BbHhKXnFrXt,178757205,"lazy sunday in front of the lake🛶
#lake #sunday #sundaymorning #lasagna #fam #tv #sofa #bw #raining",4,1509893301,2017-11-05 14:48:21,BbHhKXnFrXt,False,65
44,761,emstyled,1643755140655655050,0,https://instagram.fprg2-1.fna.fbcdn.net/t51.2885-15/e35/23347778_490137081371228_8522571401511567360_n.jpg,https://www.instagram.com/p/BbPypdogKiK,5805880651,Loving this fall weather and fire escape photoshoots with @dgmelekos. Wearing @allsaints @ronnykobo and @topshop,1,1510170904,2017-11-08 19:55:04,BbPypdogKiK,False,49
