,followers,User_Handle
0,"1,283",or_shmul
1,741,fathy_abo_dahis
2,867,iamkurdapya
3,"5,131",abhishekraghav015
4,"5,051",misstribu
5,101,jnbax
5,465,moranmarima
6,"4,900",elizabethvdg
7,455,accessories_phone_sale
8,168.4k,clairesulmers
9,599,adi_greenberger
10,665,baretrogi
11,"3,698",_sofiadangelo_
12,86,kingkaitlyn05
13,472,patriciaortiz__design
14,13.1k,havalava
15,"1,351",paolanmd
16,"5,065",giorgiacantarini
17,13.3k,desiree.dibella
18,85,fashionandstyle5102
19,506,clarespieler
20,206,rotembentora2327
21,201,yaelshachar12
22,12.3k,zuricelis
23,192,lnfitz0203
24,159,pazit82
25,826,netayam
26,"1,047",natalil3
27,"1,468",lironwiner
28,"2,676",sjnippiesworld
29,"5,173",mariagraziadeluca
30,235,gali_deck
31,333,honigman_kids_bet_shean
32,564,samheck
33,130,beauty_fashion9436
34,414,roni_tesler
35,336,avital_mat
36,"5,894",morin_atar
37,"1,400",tali_berkovichmanes
38,513,jungxah
39,147,rinatreuvenmaya
40,26.5k,idan_hasson
41,180,nizahajaj
42,159,hadarcad
43,"5,133",claudia.dellapace
44,761,emstyled