,followers,username
0,"3,027",16da.dany
1,"3,237",_socalx_
2,408,alegag_
3,523,alexandra_melanie_mura
4,653,alokshukla2398
5,396,amelie_muc_
6,605,andrewcmk_travel
7,466,annika_zaffers
8,322,arctic_angel
9,"3,295",azure_photographs
10,391,b.e.nzo
11,977,backpacksandbruises
12,"1,907",bogdangrytchuk
13,"3,178",bohomoonchildjewelry
14,171,c.s.chandler
15,931,camping_lover__
16,936,candice_t2a
17,"1,593",chandle.like.candle
18,927,cheslockjessica22
19,284,colinajo
20,709,cullenmchale
21,216,daisyeva
22,619,dani.doesnt.dyno
23,"3,753",dariangurule
24,247,dbtta
25,"1,127",denis_theoutlander
26,"6,002",dinachu
27,723,eeminegunes
28,"1,404",erikalopolis
29,201,estrellisa
30,545,fariha.f
31,649,femmefatale_life
32,451,frank_brueck
33,234,free_soul_12
34,251,ghoomketu
35,759,helloalykat
36,"1,089",hooves.paws.and.me
37,315,hueftgoldmonschau
38,10.3k,ibizahighlife
39,966,jackandlau
40,"7,116",jambufootwear
41,"2,082",jennmcdonaldfit
42,"1,167",joshhbeattie
43,236,kamalaakarsh
44,741,kaushika.kumar
45,"1,001",khushali_99
46,182,kika.jakovac
47,"1,147",kim.pas
48,"1,023",kollam_2k18
49,14.2k,lifeofenis
50,247,lipsticks.and.backpacks
51,"1,180",lodichaves
52,615,lutfiyoncalioglu
53,"1,049",mamzenko
54,665,margaelise
55,475,marriesgram
56,"1,776",melisce
57,334,missgypsyjess
58,390,mrsleee3
59,968,nadinebru
60,"4,171",natalie.colvin
61,"2,348",nathalie.rnc
62,162,national_geographic_asian
63,156,nc_travelingdiary
64,144,omprakashsharma._
65,"1,228",other_alex
66,"1,312",panorama_glamping_visole
67,276,paradise_chaser
68,"6,125",patternme_pretty
69,"1,654",petersuhito
70,255,pics_claudia
71,"1,324",please.your.eyes
72,593,possandruby
73,"1,386",priscilla_martina
74,"2,740",rossyfordex
75,"2,059",rst_rules
76,"1,419",samiandronesii
77,"2,150",saraloveparisx
78,"2,150",srberkman
79,780,sreekanthp11
80,878,stefan.mit.einem.f
81,"3,468",stefankuerzinger
82,95.9k,stylememaria
83,"1,283",svidenkofamily
84,451,theonlynayia
85,828,tinakruissen
86,138,tons_photography_
87,779,traveling_bobi
88,"2,713",trucker.photography
89,7,vanfetish
90,118,vichayito
91,559,vickey_zoysa
92,661,viviana.adventures
93,223,vrrizort
94,109,wanderlustt_idil
95,"2,562",wondersouth
96,342,x.uniquesoul.x
97,"1,428",_fundadundar
98,"7,128",amiraelgoharycouture
99,144,arjennedeleeuw
100,202,asbyadrianasiliato
101,579,atelierdeshampoo
102,"2,203",blow.ent
103,16k,boutiq1
104,"1,781",bridallova
105,82,caswedding
106,374,chloe.b_art
107,577,couture_house_of_fashion
108,193,dbcarre
109,19,delaneysdouble
110,13.3k,dorian_bouche_alibert_creation
111,"3,047",dressqueen__
112,149,drlisalaurent
113,"1,416",erryazsev
114,33.5k,fashion_uzb
115,21k,fashionfactory2017
116,536,felicitas_tb
117,13.2k,gabriellaparadi
118,482,goldgenie_uae
119,310,gulerden_sihirli_dokunus
120,"1,566",hanan_o_b_
121,283.8k,haremscouture
122,972,haute_runway
123,26.5k,hussainrehar.official
124,85.7k,iheartrudyfashionpage
125,112,ivneetkaur27
126,"1,497",ivonemagazine_
127,20.8k,jadoredesignofficial
128,"1,930",jasonmaanak
129,"2,468",kelvisatencioestilista
130,"1,474",kukkajewels
131,558,laddybirkin
132,273,ladymontrose
133,960,leather.baby
134,57,lightscamerafashion_blog
135,177,lucywilliamsofficialinsta
136,778,mabelle_wedding
137,"3,445",meshwa_dholakia
138,235,mfrbridal
139,"8,354",morefashion_morelife
140,91.2k,motheragent
141,"1,850",myelari
142,"7,653",nuevafashiondxb
143,474,off__mims
144,55.6k,online_boutique_mira
145,"1,083",onlyamina
146,512,pearly_accessory
147,"3,906",peyrovani.sahar
148,57.2k,plasticmartyr
149,103.1k,princesapor1dia
150,135,raphaellacorelli
151,"5,619",royal_bridals
152,225,sealynnwedding
153,"4,561",shahendaofficial
154,56,sukeinafanpage
155,239,takshita_stitching_company
156,11.8k,takshita_textile
157,"1,750",tammy.fashion
158,"4,878",tbradtrends
159,"3,854",thani_almudahka_fashion
160,"6,723",themoonfox_
161,"1,384",viviconseilmode
162,"2,069",voizaurademari
163,233,voornsprayroses
164,322,wdziedzic
165,448,wine_and_perceptions
166,688,yosr.chebbi.art
167,"1,999",_beadsmith_
168,"2,732",_fairytalefashion_
169,"1,121",_urban_tribe_bracelets
170,365,abovetheclouds247
171,15.2k,andreakerbuski
172,"1,302",anehaboutique
173,"7,965",annie_roy_
174,107,artesaniasydecoraciones
175,90,atouchofananda
176,15.4k,boho.wardrobe
177,755,bohocompany
178,329,brushesandknots
179,346,candymae_fashion
180,"1,064",christinarosejewelry
181,26.1k,citychic4ever__
182,"1,323",cobaartesanal
183,864,cohuamexico
184,60,craftydilara
185,884,denisamoga
186,87,donamodamediterranea
187,95,dsignhumane
188,948,earthchildfromnorth
189,304,eco_phobia
190,"7,950",erikas_kloset
191,519,espiralprops
192,328,gildedstyle
193,476,girlfriendsboutiquepleasanton
194,18.9k,girlfriendspleasanton
195,68,girlylymode
196,"1,027",greeneriverstudio
197,39.1k,gypsyjunkies
198,211,happyhippieboho
199,22.7k,havetolovefashion
200,28.5k,heartsandgemsjewellery
201,"3,470",hipiiechic
202,"1,013",indigoandrust
203,725,jinneyshopp
204,559,kamalabijoux
205,160,katielou1011
206,419,la_cinco
207,50,lace_of_cakes
208,154,lalalularoe
209,35,littlebohobabiesx
210,662,loisrebeccaholt
211,"2,374",loveleighcreativesoul
212,198,lucylongleyart
213,78,lunabloom.se
214,"1,507",maisashouse
215,"1,430",maria_blingbling
216,"2,029",mariposaskies
217,"3,083",megansbeadeddesigns
218,405,meowpurrrstore
219,"6,548",merry_clothes
220,15.2k,middle_earth_v2crystals
221,391,milberryvintage
222,348,ministry.of.designs
223,"2,043",miss.aacessorios
224,68,moodliz
225,"2,525",mutedstudio
226,"7,518",nimblyclothing
227,27.9k,nimblyshopp
228,594,nomadideluxe
229,"2,099",onlineorientalrugs
230,"2,096",oonasboston
231,379,sacredknots
232,"2,266",salylimonusa
233,"8,943",searsbassano
234,574,secondhandmamaclothes
235,784,serenjamesjewelry
236,35.7k,shaylaquinn
237,"2,635",shop_birdie
238,25.1k,shopkariella
239,245,stonejoys_jewelry_design
240,"3,646",studionikasso
241,"1,355",talktothepalmcrystals
242,393,thecoastaldesert
243,"7,549",thegreatjunkhunt
244,"1,085",thewovenmarket
245,"2,225",vayujewels
246,383,vzriversberbersilver
247,115,wildensiebziger
248,"2,581",wilson.darlings
