,followers,usernames
0,22.6k,_____bettina_____
1,"9,199",judy30a_
2,691,__ash_fro__
3,451,juli.pissi
4,"2,249",__p___w__
5,926,juliaroseandcompany
6,553,alessandrabruno.it
7,"1,287",k_lalelei
8,173.8k,amalficoast_
9,"1,091",kristenmcginnis
10,722,anchorsandacorns
11,"1,294",ladivinacostiera
12,337,andreacallaway
13,714,ladyfoxmags
14,"5,830",andreafloriophoto
15,917,laotsesmy
16,758,andreaskipsey
17,10.2k,latuilealoup
18,"2,791",annewolfepostic
19,722,laughlandjones
20,788,annoushkaducas
21,114,lauralucci
22,190,anto_dl
23,10.7k,leathersatchel
24,930,apresannette
25,723,liebe_anta
26,19.6k,arossgirl
27,246,lisoire
28,784,avondaletravel
29,954,liv.edit
30,978,az_t
31,"1,214",lk_lilitkhachatryan
32,"4,823",azzurraceramica
33,16.1k,loyaltyandheart
34,281,babssh
35,796,lwfabulouswardrobe
36,732,bcalabroulman
37,83,manak419
38,703,beadsource
39,195,manu.cavallo
40,365,becreeves
41,"2,288",marcelociriaki
42,467,beth_maloney_
43,442,marcocascone
44,32.7k,bethaniahome
45,"2,222",mariapatrikios
46,180,biarritz_blu
47,69,mariska_doevelaar
48,"4,577",bo_chirathivat
49,12.8k,martinagamboni
50,"2,506",bowlerandbeach
51,"2,570",matteo.gasparini.milano.italy
52,"3,699",brianboye
53,"2,532",megfwhite
54,"5,177",brownlowinteriordesign
55,"3,888",melrosexclusive
56,"1,595",btravisnyc
57,"4,180",merkbadboy
58,320,buonanotte_barbanera
59,512,mikibag_handbag_made_in_italy
60,27.6k,carlalovesphotography
61,"2,395",missvictoriachristian
62,830,carlavanlunn
63,"1,078",moonxnymph
64,"4,349",carolineberesforddesign
65,"1,617",mrswim_ny
66,481,casamitierrita
67,32.8k,nataliamunarriz
68,469,charlieking0803
69,"3,183",nataliapadron23
70,"3,141",chitraalacati
71,827,nicandtom
72,"2,404",corallamaiuri
73,"8,482",nick.spinatelli
74,533,crazycatlady_oslo
75,966,nikkihinge
76,357,daragh07
77,"5,203",nomahproject
78,"9,780",debonnairevb
79,325,noplacelikefirstplace
80,119,die_solette
81,"4,719",odp_collection
82,"6,410",diviathani
83,250,ojip81
84,784,domgr
85,377,ole_lukoil
86,379,donnagirl75
87,814,olivesandvines
88,763,earthloveschaos
89,11.9k,palomabluelondon
90,78.6k,eauditalie
91,845,pedy52
92,"2,131",elizabethswiftdesign
93,798,penrosehanson
94,"5,131",elizabethvdg
95,673,positano_li
96,532,ellacamille
97,"2,159",prernabalani
98,397,erikageara
99,757,purestcashmere
100,"5,226",espialinteriors
101,16.3k,rahmahumayya
102,14.6k,evrenkayar
103,268,raraborse
104,"1,617",fabiana_rispoli
105,"1,212",riccio_italy
106,"2,569",falierosarti
107,"6,115",richardwengle
108,"1,223",fbaldaro
109,129,risalitigianni
110,97.3k,fboitalia1
111,356,robynbeatriceroberts
112,"1,116",fiannafluess
113,654,rosannavila56
114,"1,680",fildisi_antiparos
115,38.5k,sabrinapilewicz
116,"7,694",fionafidder
117,"7,602",sarafitzmaurice
118,95,floare_de_colt
119,19.9k,sarahamandabray
120,"7,510",francosbar
121,14.9k,screenshot.fashions
122,10.7k,frauvonl
123,966,sharonsuhfoto
124,538,funkypelota
125,305,sheagrafik
126,472,gaross
127,224,stefaniafuccieijgenberger
128,180,gdm.informatica.foto
129,140,style_design_a_life_you_love
130,"1,007",gellynaf
131,"2,803",stylemistress1
132,"1,522",giulia_sersale
133,"2,587",swimwear_photographer
134,"4,409",gxgcollective
135,453,szilvia_mostdays
136,768,hair_born
137,916,tarokh.irantravel1
138,250,hannahpemann
139,56.6k,theenglishroom
140,407,hisbateauherchateau
141,"1,383",theorientline
142,787,holycaftan
143,"1,389",thepcagency
144,327,hotpepperoncino
145,"5,734",thepurepackage
146,375,houseof1000fabrics
147,"3,159",thetuscantravelista
148,"1,171",instageezy
149,26.2k,thewearnecessities
150,287,isit5oclockyet
151,507,titti_in_giro
152,289,jacopobuffa
153,"1,233",trevorbornmd
154,"4,667",jaquebarreto_cerimonial
155,"1,346",uhhella
156,95,jenkinsfamilytravels
157,"2,613",unamammaindisordine
158,546,jenniferrector
159,470,vikizhou
160,815,jfd_ca
161,381,wanderwithjojo
162,662,jjapicella
163,16.9k,wayuuworld
164,233,juditbrad
165,"2,763",ygng_interior_design