word,Prediction,number
che,36,58
âª,12,39
di,39,36
âªã,18,34
love,72,33
like,63,31
new,57,31
time,60,27
una,33,22
non,27,22
work,48,22
la,33,21
day,48,20
beautiful,51,20
best,30,20
year,42,17
le,18,17
beauty,24,17
latuilealoup,27,16
italy,33,16
amazing,39,16
il,24,16
happy,36,15
people,39,15
years,39,15
â²,24,14
great,33,14
life,27,14
heart,27,13
travel,30,13
issue,21,13
se,18,13
look,36,12
wellness,15,12
place,24,12
thank,30,12
voglio,6,12
little,33,12
visit,27,12
just,24,11
good,24,11
experience,27,11
come,33,11
know,33,11
health,24,11
family,21,11
si,18,11
world,27,11
make,30,11
com,18,11
today,27,11
old,27,10
mio,9,10
table,15,10
feel,21,9
link,27,9
style,24,9
home,18,9
spring,21,9
que,3,9
â¹,18,9
photography,9,9
paris,21,9
want,21,8
ago,21,8
called,24,8
piã,15,8
da,18,8
healthy,24,8
www,15,8
tempo,15,8
book,21,8
figlio,3,8
2017,15,8
tmb,15,7
need,18,7
going,21,7
trip,18,7
uk,6,7
gardens,6,7
fundacion,3,7
long,18,7
support,18,7
venice,6,7
sickkids,3,7
verona,6,7
nutrition,15,7
zorba,3,7
color,18,7
perchã,12,7
bring,21,7
women,15,7
passion,18,7
sono,15,7
soon,18,7
nã,6,7
inspiration,21,7
stay,15,7
right,21,7
vita,18,7
week,18,6
italia,18,6
hospital,3,6
essere,9,6
cose,9,6
wish,18,6
quando,9,6
vintage,12,6
ancora,9,6
bridge,6,6
finally,18,6
gli,6,6
perfect,18,6
juliet,3,6
things,18,6
magazine,15,6
thing,15,6
days,18,6
fun,15,6
friends,12,6
della,15,6
lo,12,6
forward,15,6
start,15,6
tutto,12,6
trulymodernbeauty,18,6
instagram,18,6
help,12,6
del,12,6
cooking,15,6
way,18,6
proud,18,6
chi,9,5
linen,6,5
ig_italia,12,5
sua,6,5
ho,9,5
kind,12,5
hai,6,5
italian,12,5
thanks,15,5
joy,12,5
including,15,5
say,15,5
loved,15,5
let,15,5
isabel,3,5
stories,15,5
charity,9,5
ci,12,5
looking,15,5
piece,12,5
anche,9,5
true,15,5
truth,9,5
tudo,6,5
al,15,5
food,12,5
capri,6,5
flowers,12,5
ve,12,5
visiting,15,5
big,15,5
ad,12,5
bio,15,5
birthday,9,5
delicious,12,5
ericgoujou,15,5
wonderful,15,5
persona,9,5
positano,3,5
photo,12,5
dreams,15,5
â¹ã,15,5
does,12,5
truly,15,5
favorite,15,5
traditional,15,5
friend,15,5
remember,9,5
memories,6,5
tour,9,5
sia,6,5
making,15,5
makes,12,5
mind,15,5
giving,12,5
ti,12,5
molto,6,5
makeeverydaybeautiful,15,5
photos,9,4
ladies,9,4
baskets,9,4
available,12,4
close,12,4
open,12,4
building,6,4
page,9,4
pantheon,3,4
blog,9,4
browsingitaly,12,4
restaurant,12,4
particular,9,4
rich,6,4
leave,12,4
past,12,4
leather,6,4
learnt,9,4
objects,6,4
person,9,4
poi,9,4
setting,9,4
ll,9,4
september,9,4
black,9,4
bella,12,4
morning,9,4
satchel,6,4
real,9,4
bags,6,4
really,12,4
chocolate,6,4
natural,6,4
quintessence,6,4
needs,9,4
questa,9,4
better,12,4
lifestyle,9,4
ma,12,4
self,9,4
mia,3,4
award,12,4
christmas,6,4
meticulous,9,4
check,12,4
calabria,3,4
semplice,9,4
church,9,4
libri,3,4
care,12,4
senza,9,4
â½ã,6,4
inspiring,12,4
deep,12,4
woman,12,4
winning,12,4
whatitalyis,12,4
copy,9,4
takes,9,4
taking,12,4
everyday,12,4
try,12,4
weekend,12,4
te,9,4
cosa,12,4
tell,12,4
group,6,4
face,9,4
fact,12,4
huge,12,4
fall,9,4
andrew,3,4
greens,3,4
green,12,4
created,12,4
volte,9,4
ganache,3,4
fashion,12,4
travelgram,12,4
fine,12,4
tuscany,9,4
follow,12,4
free,9,4
culture,6,4
sunday,9,4
talent,9,4
details,12,4
pictures,9,4
dogs,6,4
kids,12,4
don,12,4
smallpartsofthesamepicture,6,4
young,12,4
yoga,6,4
special,9,4
dinner,9,4
ed,9,4
instadaily,12,4
fountain,3,4
store,9,4
architecture,9,4
did,9,3
filled,9,3
piazza,3,3
farã,6,3
pick,9,3
cambodia,3,3
feeling,9,3
night,9,3
campaign,6,3
feels,9,3
felicitã,9,3
fields,6,3
finding,6,3
piacere,6,3
british,6,3
picture,6,3
desire,9,3
mystery,3,3
muse,3,3
mother,6,3
pediment,3,3
bringing,9,3
pictured,9,3
farm,3,3
decoration,9,3
nuovo,6,3
different,6,3
period,9,3
email,9,3
enjoy,9,3
effort,9,3
depth,9,3
dell,9,3
oggi,9,3
extra,9,3
eyes,6,3
personal,9,3
easier,9,3
nutritious,6,3
cakes,6,3
design,9,3
designed,9,3
peace,9,3
enjoying,9,3
dream,9,3
falorni,3,3
families,6,3
designers,6,3
photographer,9,3
known,9,3
montignano,3,3
modern,9,3
info,9,3
incredible,9,3
chosen,9,3
light,9,3
images,9,3
consider,9,3
ideas,9,3
chocolat,3,3
homemade,9,3
list,9,3
hit,9,3
live,6,3
living,9,3
history,9,3
chic,6,3
inner,9,3
inspired,9,3
instagood,9,3
left,6,3
ladolcevita,9,3
kiln,6,3
colored,6,3
learning,9,3
itã,9,3
italian_places,9,3
cirã,3,3
interiordesign,6,3
comfortable,3,3
legend,6,3
coming,9,3
letters,3,3
li,6,3
community,9,3
cool,6,3
located,9,3
head,6,3
kitchen,6,3
mauro,6,3
celebrate,9,3
means,9,3
meet,9,3
fundraising,9,3
castle,3,3
fundacionzorba,3,3
marina,6,3
fruit,9,3
miniature,3,3
fresh,9,3
frenchpottery,9,3
french,9,3
moda,9,3
galerieroebbig,3,3
garden,9,3
loro,6,3
change,6,3
happiness,6,3
hands,9,3
cosã,9,3
character,9,3
lovely,9,3
lucky,9,3
greve,3,3
man,9,3
chance,6,3
madeinfranceã,9,3
grand,6,3
gold,9,3
creation,6,3
gift,9,3
met,9,3
doctor,9,3
pieces,9,3
strong,9,3
ship,9,3
shop,9,3
authenticity,9,3
australian,9,3
au,6,3
sized,3,3
attention,9,3
small,9,3
snow,6,3
sort,6,3
southern,6,3
asked,9,3
plan,6,3
stayhealthy,9,3
argentina,3,3
steps,3,3
area,9,3
share,9,3
selection,6,3
second,9,3
recipes,9,3
race,6,3
rainbow,6,3
read,9,3
believe,6,3
ready,9,3
beginning,9,3
recent,6,3
red,9,3
baking,3,3
restored,9,3
ride,6,3
rock,9,3
rome,6,3
run,6,3
said,9,3
sarebbe,6,3
strength,9,3
students,3,3
quiet,9,3
studio,6,3
advice,9,3
video,6,3
views,6,3
villa,6,3
adoro,6,3
add,9,3
action,6,3
walking,9,3
accurate,6,3
wishing,9,3
50,9,3
women4wilderness,3,3
working,9,3
write,3,3
writer,9,3
york,9,3
â¼ã,3,3
use,9,3
tutte,9,3
tuscan,6,3
thetuscantravelista,9,3
sun,6,3
sunny,6,3
sunrise,3,3
surrounded,9,3
tablesetting,9,3
takemeback,9,3
taken,9,3
think,6,3
travelblog,9,3
ami,3,3
topdoctor,9,3
toronto,6,3
amanhã,3,3
amalficoast,9,3
tours,9,3
town,9,3
bene,9,3
space,9,3
quality,9,3
quel,9,3
pop,6,3
plates,6,3
body,6,3
present,9,3
primavera,3,3
poã,3,3
boat,6,3
blogger,9,3
books,9,3
private,6,3
porque,3,3
puã,6,3
questo,9,3
professional,6,3
bistrotdevenise,3,3
planning,9,3
profile,9,3
penthouse,6,2
future,6,2
peonies,3,2
practice,6,2
tradition,6,2
tough,6,2
paura,3,2
touch,6,2
preferã,3,2
generation,6,2
gianduia,3,2
took,6,2
giorno,6,2
girl,6,2
ton,3,2
givingback,6,2
glasses,3,2
frolla,3,2
nell,6,2
travelinitaly,6,2
foodie,6,2
poteva,6,2
fly,6,2
power,6,2
focus,6,2
foils,3,2
folk,6,2
turning,6,2
followers,6,2
following,6,2
turned,6,2
foodporn,6,2
friday,6,2
foot,6,2
tuo,6,2
foundation,3,2
trulymodernwomen,6,2
trek,3,2
treat,6,2
treasures,6,2
travelling,6,2
tlsc,6,2
travelitalianstyle,3,2
patients,6,2
gorgeous,6,2
goes,6,2
takemethere,6,2
happened,6,2
terrace,3,2
temples,3,2
team,6,2
tavola,3,2
haven,6,2
tarte,3,2
tante,3,2
tanta,3,2
healthyliving,6,2
helped,3,2
handmadebasket,6,2
prisoners,3,2
tablecloth,6,2
helping,6,2
hen,3,2
passes,6,2
surprised,6,2
surface,6,2
holding,6,2
holiday,6,2
holy,6,2
testa,6,2
handicrafts,6,2
tips,6,2
grazie,6,2
timore,3,2
till,6,2
throwback,6,2
fishing,6,2
gosto,3,2
got,6,2
thinking,6,2
grande,6,2
grateful,6,2
gratitude,6,2
pride,6,2
textiles,6,2
thesecond_shift,3,2
theheavenofthehandmade,6,2
greyhound,3,2
theatrical,3,2
growing,6,2
guests,6,2
ha,6,2
thankyou,6,2
hair,6,2
hairdressing,3,2
flood,6,2
using,6,2
uomini,3,2
uomo,3,2
works,6,2
en,6,2
encourage,6,2
point,6,2
end,6,2
energizing,6,2
english,6,2
words,6,2
wondrous,6,2
enorme,6,2
entering,6,2
pool,6,2
era,3,2
erator,3,2
photographed,6,2
winter,6,2
winner,6,2
win,6,2
willow,6,2
eu,3,2
event,6,2
wellbeing,6,2
exact,6,2
emperor,3,2
embroidery,6,2
embodies,6,2
yogi,3,2
doctors,3,2
dog,6,2
âªncias,3,2
doing,6,2
zoo,3,2
donate,6,2
donna,6,2
donne,3,2
draw,6,2
pic,3,2
dress,3,2
wouldn,6,2
dã,6,2
earlier,6,2
yaron_eldad_architect,3,2
earth,6,2
written,6,2
easy,6,2
podem,3,2
ela,3,2
elledecor,3,2
wounded,6,2
weddingstylist,3,2
exceptional,6,2
excited,6,2
possible,6,2
fascinating,6,2
fascinoantico,6,2
personally,6,2
fashionblogger,6,2
fatto,6,2
personalities,6,2
favourite,6,2
feature,3,2
view,6,2
february,6,2
posta,6,2
vogue,6,2
veterans,6,2
version,6,2
felt,6,2
female,3,2
festivals,3,2
fiato,6,2
vera,6,2
passare,3,2
used,6,2
potessi,3,2
virgin,6,2
far,6,2
exclusive,3,2
wanted,6,2
exhibition,6,2
weave,6,2
expertise,6,2
wealth,6,2
water,3,2
express,6,2
external,6,2
watch,6,2
wat,3,2
wants,6,2
faccia,3,2
famous,6,2
facebook,3,2
philanthropy,6,2
walk,6,2
faithful,6,2
waiting,6,2
falling,6,2
pet,6,2
wait,6,2
perspective,3,2
volta,6,2
sure,6,2
privata,6,2
hope,6,2
repost,6,2
pure,6,2
losangeles,3,2
roses,6,2
lot,6,2
rosalie,3,2
room,6,2
purple,3,2
romantic,6,2
luck,6,2
romance,6,2
road,6,2
macho,3,2
ristorante_michelangelo,3,2
madeinfrance,6,2
rip,6,2
madeinitaly,6,2
madonna,3,2
mag,6,2
rimpianti,6,2
mai,6,2
rifarei,3,2
qualcosa,6,2
result,6,2
loos,6,2
running,6,2
ruralfrance,6,2
lives,6,2
segno,6,2
seen,6,2
puoi,3,2
season,6,2
scorta,3,2
scent,3,2
scene,6,2
nyc,3,2
scelto,6,2
scegliere,3,2
livethedream,6,2
sacred,6,2
says,6,2
sausage,3,2
satisfying,6,2
ny,6,2
salumi,3,2
local,6,2
sadness,3,2
longer,6,2
sacredheart,6,2
looked,6,2
qualities,6,2
marcus,3,2
parveen,3,2
remedies,3,2
noi,6,2
received,6,2
miss,6,2
missoni,3,2
nights,6,2
reading,6,2
quelle,3,2
moms,3,2
quello,6,2
mondo,6,2
money,6,2
reached,6,2
moody,6,2
ravello,3,2
raising,6,2
nieces,3,2
museo,3,2
network,3,2
napkins,6,2
quite,6,2
ne,6,2
quiserem,3,2
needed,6,2
mie,6,2
michaelturek,3,2
recently,6,2
regular,6,2
markbinks,6,2
market,6,2
massimobottura,3,2
massive,6,2
master,6,2
material,6,2
relaxation,3,2
meal,6,2
meaning,3,2
relax,6,2
measure,6,2
mi,6,2
meat,6,2
meditation,6,2
reflection,3,2
meeting,6,2
members,6,2
reflecting,6,2
nonsense,6,2
men,6,2
message,6,2
record,6,2
object,3,2
selfrealization,6,2
selma,3,2
libridaleggere,6,2
spirit,3,2
spent,6,2
interesting,3,2
interior,6,2
specific,6,2
specialized,6,2
interiordesigners,6,2
interiorinspiration,3,2
internal,6,2
international,6,2
invest,3,2
involved,3,2
speaks,6,2
spanish,3,2
io,6,2
products,6,2
outside,6,2
souvenirs,3,2
diverse,3,2
soup,3,2
italian_food,3,2
organisation,3,2
order,6,2
st,6,2
stacey,6,2
stars,6,2
imp,3,2
house,3,2
https,6,2
nephews,3,2
hugs,6,2
hydrangeas,6,2
summer,6,2
ig_amalficoast,6,2
parte,3,2
parisshopping,6,2
imagination,3,2
important,6,2
inspire,6,2
impression,6,2
produce,6,2
production,6,2
incredibleindia,6,2
individual,6,2
oxford,3,2
ingredients,6,2
owner,6,2
inscription,3,2
started,6,2
smoothie,3,2
smoked,3,2
jewelry,6,2
leaves,6,2
laughland,3,2
lavender,3,2
lavora,3,2
law,6,2
shopping,6,2
lead,6,2
ogni,6,2
prossimo,6,2
shoot,6,2
occasion,6,2
led,6,2
latest,6,2
sharing,6,2
published,6,2
shannonfricke,3,2
leggere,6,2
seu,3,2
serã,3,2
service,6,2
septimius,3,2
send,6,2
sempre,6,2
shops,3,2
short,6,2
join,6,2
kavita,3,2
journalist,6,2
journey,6,2
opportunity,6,2
sleep,3,2
judges,6,2
skincare,6,2
skin,6,2
justgiving,3,2
jã,3,2
kashmir,3,2
kept,6,2
landscape,3,2
kid,3,2
oldstyle,6,2
size,6,2
sisters,3,2
silverware,3,2
oldest,6,2
significa,3,2
krbnyc,3,2
sign,6,2
showing,6,2
ornament,6,2
000,6,2
business,6,2
class,6,2
chef,6,2
cherish,6,2
chianti,3,2
child,3,2
city,6,2
ciã,6,2
classes,6,2
combination,6,2
cleanse,3,2
club,3,2
cntravellerindia,6,2
coast,6,2
col,3,2
colors,6,2
changed,6,2
challenges,6,2
certo,3,2
certainly,6,2
cercare,6,2
center,6,2
cartofarmtour,3,2
carry,6,2
carried,6,2
carob,3,2
car,3,2
captivating,6,2
capire,3,2
camera,6,2
came,6,2
cambodian,3,2
cambiare,6,2
colourful,6,2
comes,6,2
depois,3,2
dai,6,2
cuisine,6,2
cultures,6,2
cuore,6,2
currently,6,2
custom,3,2
dag,3,2
dal,6,2
company,6,2
dark,3,2
dating,6,2
daughter,6,2
davvero,6,2
dear,6,2
dei,6,2
crystals,6,2
cross,3,2
crime,6,2
creatives,3,2
creating,6,2
courage,3,2
countryside,6,2
couldn,6,2
cotton,3,2
costumes,6,2
cosmeticsurgery,6,2
cosmeticsurgeon,6,2
cor,6,2
contente,3,2
contemporary,6,2
contact,6,2
consuming,6,2
cake,3,2
butcher,3,2
built,6,2
annual,6,2
amalficoast_,6,2
amalfigram,6,2
amazingview,6,2
amore,6,2
angkor,3,2
animal,6,2
antoninus,3,2
build,6,2
apart,6,2
appear,6,2
approaching,6,2
apresannette,6,2
ar,6,2
art,6,2
amalfi,6,2
altar,3,2
alex,3,2
aires,3,2
adult,6,2
adolf,6,2
adding,6,2
account,6,2
able,6,2
abbia,3,2
25,6,2
24,6,2
2018,6,2
2016,6,2
200,6,2
16,3,2
15,6,2
articles,6,2
aurelius,3,2
austen,3,2
belle,6,2
buenos,3,2
brilliant,6,2
breathtaking,6,2
break,6,2
brand,6,2
booths,3,2
bontã,3,2
bond,3,2
bob,3,2
blessed,6,2
blended,3,2
bit,6,2
beloved,6,2
belmond,3,2
behold,6,2
australia,6,2
behindthescenes,6,2
beautifuldestinations,6,2
beach,6,2
bbccountryfilelive,3,2
bay,6,2
basta,3,2
baroque,6,2
ball,6,2
balance,6,2
babe,3,2
away,6,2
avondaletravel,6,2
autumn,6,2
authentic,6,2
delle,6,2
layer,3,2
director,6,2
dimensions,6,2
deve,6,2
dining,6,2
display,6,2
designer,6,2
basket,3,1
romanholiday,3,1
romantemple,3,1
basketweaving,3,1
romantica,3,1
romanticdining,3,1
romanzo,3,1
romeo,3,1
role,3,1
romp,3,1
basically,3,1
rooms,3,1
rooted,3,1
roots,3,1
rosad1985,3,1
bartender,3,1
rose,3,1
dressed,3,1
erin_winn,3,1
rodeo,3,1
roda,3,1
rio,3,1
dresser,3,1
ripartirã,3,1
riportã,3,1
riprodurre,3,1
rischiando,3,1
risk,3,1
rispetto,3,1
battuta,3,1
ritrovamento,3,1
riuscire,3,1
river,3,1
batch,3,1
roads,3,1
robert,3,1
robuchon,3,1
round,3,1
bastaunlibroperesserefelici,3,1
row,3,1
rovinata,3,1
bandita,3,1
salk,3,1
band,3,1
salvare,3,1
samanthsubramanian,3,1
samples,3,1
sandwich,3,1
sano,3,1
sanoveganoitaliano,3,1
santa,3,1
santuario,3,1
sapa,3,1
saper,3,1
sapori,3,1
sappiamo,3,1
saprã,3,1
saracen,3,1
saranno,3,1
salami,3,1
safe,3,1
rimaste,3,1
bank,3,1
royalty,3,1
ruins,3,1
barely,3,1
barcaccia,3,1
banw2017,3,1
rushed,3,1
rvores,3,1
sa,3,1
saami,3,1
saamiquilts,3,1
sabinerothman,3,1
sablã,3,1
sacrecoeur,3,1
banksia,3,1
bankholiday,3,1
sacrificare,3,1
sacrifice,3,1
bayon,3,1
rights,3,1
rimango,3,1
remaining,3,1
relationship,3,1
beautyinsideandout,3,1
beautycase,3,1
relaxing,3,1
released,3,1
relentless,3,1
relieve,3,1
religious,3,1
remains,3,1
beauties,3,1
driving,3,1
beautifulalltheway,3,1
reminder,3,1
reminisce,3,1
remodel,3,1
removed,3,1
remover,3,1
renewed,3,1
related,3,1
reigningonknitwearsince1953,3,1
rehousing,3,1
rehoused,3,1
beetroot,3,1
recognize,3,1
recommend,3,1
bedsheet,3,1
recycled,3,1
bed,3,1
redcanzian,3,1
refined,3,1
refinement,3,1
beckon,3,1
bebacksoon,3,1
reflections,3,1
regalare,3,1
regimen,3,1
regions,3,1
beauville,3,1
regularly,3,1
replacement,3,1
repostapp,3,1
sari,3,1
riconoscono,3,1
reveals,3,1
revive,3,1
revoir,3,1
rezar,3,1
rhodies,3,1
ricchezza,3,1
ricetta,3,1
driver,3,1
ricordi,3,1
represent,3,1
ricordino,3,1
ricordo,3,1
bdayã,3,1
riding,3,1
dried,3,1
riflessi,3,1
riflessioni,3,1
bbc,3,1
revealing,3,1
reusable,3,1
return,3,1
beachready,3,1
required,3,1
requires,3,1
requiring,3,1
rescued,3,1
residence,3,1
resident,3,1
respect,3,1
respiratory,3,1
responsibility,3,1
rest,3,1
bear,3,1
rested,3,1
restituerunt,3,1
resto,3,1
restore,3,1
beachyhair,3,1
restriction,3,1
banana,3,1
sartorialbag,3,1
sartoriaitaliana,3,1
autentica,3,1
shindprovince,3,1
shine,3,1
shines,3,1
author,3,1
authenticityiskey,3,1
authenticityiseverything,3,1
dowry,3,1
autenticitã,3,1
shortbread,3,1
aussiebanget,3,1
shortly,3,1
shot,3,1
shout,3,1
showed,3,1
australiaawards,3,1
shown,3,1
dovrei,3,1
dovrebbe,3,1
shift,3,1
sheã,3,1
sheer,3,1
sheena,3,1
settled,3,1
aver,3,1
seven,3,1
severe,3,1
severus,3,1
seã,3,1
sguardo,3,1
shaharke,3,1
shahnazsiganporia,3,1
shakespeare,3,1
shaking,3,1
avenue,3,1
shape,3,1
shapes,3,1
autunnointavola,3,1
shared,3,1
drastic,3,1
sick,3,1
sicuro,3,1
began,3,1
skirt,3,1
site,3,1
sitting,3,1
attuale,3,1
attitude,3,1
sizes,3,1
skills,3,1
attimo,3,1
attimi,3,1
skirts,3,1
siem,3,1
slagerijkosse,3,1
attend,3,1
sleeping,3,1
aszmannfotografias,3,1
astonished,3,1
assortaefelice,3,1
associated,3,1
snake,3,1
sit,3,1
attuare,3,1
sisterinlaw,3,1
sips,3,1
siemreap,3,1
sigh,3,1
sighs,3,1
dover,3,1
aunt,3,1
significance,3,1
significato,3,1
signs,3,1
silence,3,1
silent,3,1
atwood,3,1
simple,3,1
simply,3,1
singh,3,1
single,3,1
sinking,3,1
sinto,3,1
settingthetable,3,1
avere,3,1
setthetable,3,1
sculpture,3,1
sceptical,3,1
scientific,3,1
scioglie,3,1
scoperta,3,1
scores,3,1
scorpioã,3,1
badass,3,1
scratch,3,1
bacteria,3,1
set,3,1
sea,3,1
seafood,3,1
backstory,3,1
seasonal,3,1
secoli,3,1
background,3,1
seconda,3,1
secondo,3,1
bag,3,1
scenes,3,1
baglovers,3,1
scema,3,1
sartorialstyle,3,1
bam,3,1
balloons,3,1
saturday,3,1
dreamsdocometrue,3,1
saved,3,1
savner,3,1
savor,3,1
saw,3,1
balcony,3,1
saying,3,1
balancing,3,1
scale,3,1
scars,3,1
balanced,3,1
sceglierete,3,1
dirlo,3,1
secretaries,3,1
seeing,3,1
disappeared,3,1
sensualitã,3,1
sentire,3,1
avrebbe,3,1
senã,3,1
disciplina,3,1
avocado,3,1
sera,3,1
seria,3,1
serie,3,1
series,3,1
serotonin,3,1
sersale,3,1
serve,3,1
server,3,1
serverus,3,1
aviv,3,1
avevo,3,1
session,3,1
sent,3,1
senso,3,1
seethrough,3,1
sensato,3,1
seeyouincapri,3,1
babaji,3,1
seguã,3,1
seicentesca,3,1
seja,3,1
select,3,1
selecting,3,1
drawers,3,1
awareness,3,1
awards,3,1
sell,3,1
selling,3,1
awaiting,3,1
avvolti,3,1
semplici,3,1
avvolgente,3,1
avventure,3,1
beetrootbrownies,3,1
begins,3,1
receiving,3,1
bouquets,3,1
piacergli,3,1
bowral,3,1
boutis,3,1
piccole,3,1
piccoli,3,1
boutique,3,1
picoftheday,3,1
pics,3,1
bouquet,3,1
perseverance,3,1
boundaries,3,1
bottura,3,1
bottlebrush,3,1
pieghe,3,1
pietro,3,1
pill,3,1
pin,3,1
pink,3,1
piacerebbe,3,1
box,3,1
photoshoot,3,1
boys,3,1
breaks,3,1
eatery,3,1
breadã,3,1
personality,3,1
breadbasket,3,1
bread,3,1
persuadere,3,1
persuasa,3,1
bravery,3,1
pets,3,1
philanthropists,3,1
brava,3,1
eat,3,1
branches,3,1
bradley,3,1
bpq,3,1
photooftheday,3,1
pinkisthenewblack,3,1
piquedemarseille,3,1
pivotal,3,1
pleasure,3,1
plus,3,1
pm,3,1
pochette,3,1
borrow,3,1
poemas,3,1
poesia,3,1
poetic,3,1
bordeaux,3,1
dilloconunlibro,3,1
polaroid,3,1
pooh,3,1
booth,3,1
bookstagram,3,1
popular,3,1
popularity,3,1
por,3,1
porcelain,3,1
plum,3,1
pleasantly,3,1
pixie,3,1
play,3,1
bottle,3,1
botox,3,1
placemat,3,1
placemats,3,1
places,3,1
places_wow,3,1
placetobe,3,1
bossykoreans,3,1
planet,3,1
borsebelle,3,1
plantbased_pixie,3,1
plants,3,1
plasticsurgeon,3,1
plasticsurgery,3,1
plate,3,1
borse,3,1
platform,3,1
breath,3,1
perros,3,1
portafogli,3,1
passeggiata,3,1
brought,3,1
pas,3,1
pass,3,1
passa,3,1
passada,3,1
passage,3,1
passaggio,3,1
broncio,3,1
passerebbe,3,1
periods,3,1
britishmade,3,1
passi,3,1
passing,3,1
brisbane,3,1
passionately,3,1
passionpassport,3,1
passions,3,1
bringonsummer,3,1
partners,3,1
partito,3,1
parting,3,1
particularly,3,1
paramahansayogananda,3,1
pare,3,1
parecchio,3,1
brutality,3,1
parisdecooff,3,1
parisflorist,3,1
parisflowers,3,1
parisishome,3,1
parisnoir,3,1
parisphotographer,3,1
parispopup,3,1
brutal,3,1
parisã,3,1
park,3,1
parola,3,1
brownies,3,1
brown,3,1
pasta,3,1
pastello,3,1
pasticceria,3,1
pelleitaliana,3,1
penny,3,1
pensar,3,1
penserei,3,1
penso,3,1
bridges,3,1
bridgeofsighs,3,1
bridesmaids,3,1
breezy,3,1
perdermi,3,1
breathtakingly,3,1
perfectfit,3,1
perfection,3,1
perfectly,3,1
perform,3,1
perfume,3,1
pericolo,3,1
eatingwithasmile,3,1
pelo,3,1
pelle,3,1
pastry,3,1
pehelgam,3,1
path,3,1
patience,3,1
eatpraylove,3,1
patinate,3,1
patinato,3,1
patisserie,3,1
patricks,3,1
brightest,3,1
paw,3,1
pea,3,1
bright,3,1
peas,3,1
brief,3,1
peek,3,1
peeling,3,1
peeps,3,1
peggio,3,1
port,3,1
porte,3,1
receives,3,1
quattro,3,1
biennaleparis2017,3,1
qualitymatters,3,1
qualunque,3,1
quand,3,1
biennaledeparis,3,1
quante,3,1
quantificabile,3,1
quanto,3,1
bicycle,3,1
prudenza,3,1
quei,3,1
bewkes,3,1
bethelight,3,1
bethechange,3,1
beth,3,1
queste,3,1
questi,3,1
bespoketailoring,3,1
biggest,3,1
quali,3,1
bike,3,1
qualche,3,1
public,3,1
blackandwhitephotography,3,1
puder,3,1
punto,3,1
early,3,1
purchase,3,1
birthdayparty2017,3,1
purely,3,1
purepackage,3,1
purezza,3,1
biofood,3,1
purpose,3,1
pushy,3,1
puts,3,1
putting,3,1
billcunningham,3,1
quaint,3,1
qui,3,1
bespokestyle,3,1
quilts,3,1
ranging,3,1
rashmiudaysingh,3,1
raspanti,3,1
du,3,1
bellaitalia,3,1
believed,3,1
reader,3,1
beintruth,3,1
drool,3,1
drmartinlutherkingjr,3,1
realidade,3,1
reality,3,1
realize,3,1
realized,3,1
beh,3,1
reap,3,1
rebelã,3,1
sneak,3,1
rasatello,3,1
range,3,1
bernini,3,1
rally,3,1
benjamin,3,1
beneath,3,1
quote,3,1
quoted,3,1
diplomacy,3,1
races,3,1
racing,3,1
ragazzi,3,1
ragioni,3,1
rain,3,1
belonged,3,1
raise,3,1
dire,3,1
rajasthan,3,1
rajasthandiaries,3,1
rajchaudhuri,3,1
rallied,3,1
ps,3,1
provide,3,1
porterã,3,1
boho,3,1
potteries,3,1
pottery,3,1
poule,3,1
pouring,3,1
bohofashion,3,1
powerful,3,1
powertothepeople,3,1
bohochic,3,1
practicing,3,1
provencestyle,3,1
prayer,3,1
precisa,3,1
precision,3,1
bohemianlifestyle,3,1
prejudice_______ã,3,1
prenda,3,1
pres,3,1
presa,3,1
potofgold,3,1
bohostyle,3,1
bold,3,1
potere,3,1
porti,3,1
portico,3,1
portland,3,1
bones,3,1
positanoblue,3,1
positivity,3,1
possa,3,1
possession,3,1
possibilitã,3,1
bone,3,1
post,3,1
ease,3,1
postadigiulietta,3,1
postcardsfromrome,3,1
postibelli,3,1
posting,3,1
postitfortheaesthetic,3,1
presence,3,1
bodies,3,1
press,3,1
blocks,3,1
blind,3,1
blenheimpalace,3,1
profit,3,1
project,3,1
promise,3,1
promote,3,1
promoters,3,1
promptly,3,1
pronta,3,1
properties,3,1
proportions,3,1
ears,3,1
protagonista,3,1
protecting,3,1
blacktie,3,1
proudly,3,1
provare,3,1
blitt,3,1
prods,3,1
pretty,3,1
process,3,1
previous,3,1
prices,3,1
pricey,3,1
prick,3,1
bocca,3,1
prideandprejudice,3,1
prigioni,3,1
earthly,3,1
primo,3,1
principio,3,1
prison,3,1
blue,3,1
bloom,3,1
blood,3,1
privet,3,1
privilege,3,1
prix,3,1
snakecharmer,3,1
sniff,3,1
sneakpeek,3,1
vegetables,3,1
valium,3,1
valley,3,1
valori,3,1
varcare,3,1
various,3,1
vase,3,1
aftershow,3,1
vegan,3,1
vegetarian,3,1
vennen,3,1
veggie,3,1
velluti,3,1
vendita,3,1
vendute,3,1
venerata,3,1
veneto,3,1
venezia,3,1
afterparty,3,1
valentinesday,3,1
valentines,3,1
valentine,3,1
vakreste,3,1
unrequited,3,1
unsettling,3,1
unsuited,3,1
unveiled,3,1
agora,3,1
agli,3,1
upload,3,1
ups,3,1
upwiththesun,3,1
aggiungendo,3,1
ageã,3,1
useful,3,1
age,3,1
usually,3,1
utah,3,1
utilize,3,1
vacation,3,1
venire,3,1
affronti,3,1
paradise,3,1
vision,3,1
village,3,1
adorei,3,1
vintagelinens,3,1
vinto,3,1
vir,3,1
adore,3,1
viruses,3,1
visibility,3,1
adopt,3,1
verapelle,3,1
visited,3,1
doglovers,3,1
visitor,3,1
visitors,3,1
visits,3,1
visitumbria,3,1
visitã,3,1
vissuti,3,1
villacimbrone,3,1
dogoftheday,3,1
advance,3,1
viewing,3,1
verde,3,1
verdes,3,1
vergine,3,1
vero,3,1
affiliate,3,1
veroniquemarot,3,1
affascinante,3,1
versions,3,1
advocate,3,1
vetted,3,1
vetustate,3,1
vibrante,3,1
vidal,3,1
adversity,3,1
videos,3,1
vier,3,1
adventures,3,1
uno,3,1
unloading,3,1
unlimitedrome,3,1
alcuni,3,1
tripadvisor,3,1
trovare,3,1
trovati,3,1
alexsviewpoint,3,1
trueã,3,1
alexassouline,3,1
dogsofinstagram,3,1
alegria,3,1
truthintravel,3,1
unlike,3,1
alberto,3,1
tu,3,1
alarm,3,1
tue,3,1
tulip,3,1
tuned,3,1
akin,3,1
tuoi,3,1
alexã,3,1
tried,3,1
tricky,3,1
trick,3,1
travelista,3,1
alla,3,1
alkaline,3,1
travelplanner,3,1
travels,3,1
travelstoke,3,1
travlinmad,3,1
tre,3,1
alive,3,1
alignment,3,1
treated,3,1
treatment,3,1
treeoflife_love,3,1
trees,3,1
alfa,3,1
tri,3,1
tribe,3,1
tureen,3,1
dishes,3,1
turner,3,1
agree,3,1
unaware,3,1
unbridled,3,1
uncertainty,3,1
underneath,3,1
understand,3,1
underthetuscansun,3,1
underwater,3,1
unexpected,3,1
uniform,3,1
unique,3,1
uniquedesign,3,1
unit,3,1
united,3,1
unites,3,1
university,3,1
unknown,3,1
unless,3,1
unavitanonbasta,3,1
uma,3,1
air,3,1
ultra,3,1
aime,3,1
ai,3,1
tuscanybuzz,3,1
tuscanygram,3,1
tuscanypeople,3,1
tutta,3,1
ahimã,3,1
ahh,3,1
tux,3,1
tuxedo,3,1
type,3,1
tã,3,1
ucius,3,1
ufficialmente,3,1
agrippa,3,1
ultima,3,1
ultimate,3,1
vissuto,3,1
visually,3,1
admiring,3,1
worth,3,1
worked,3,1
2500,3,1
workofart,3,1
distance,3,1
workshop,3,1
workshops,3,1
workshopvisit,3,1
dite,3,1
worthy,3,1
winners,3,1
23rd,3,1
20th,3,1
dm,3,1
divinemasculine,3,1
writers,3,1
writing,3,1
2011,3,1
wrong,3,1
2500followers,3,1
25th,3,1
word,3,1
woods,3,1
80,3,1
wise,3,1
5kfollowers,3,1
53,3,1
withlove,3,1
witness,3,1
4am,3,1
3rd,3,1
31m,3,1
womenhelpingwomen,3,1
womeninbusiness,3,1
womensmarch,3,1
wonder,3,1
2nd,3,1
wonderfulã,3,1
wonders,3,1
28,3,1
divinefeminine,3,1
xv,3,1
yachts,3,1
yummie,3,1
zia,3,1
zio,3,1
1600,3,1
divine,3,1
15th,3,1
divina,3,1
130,3,1
13,3,1
â²marina,3,1
â³,3,1
â³nimo,3,1
12,3,1
â¹a,3,1
â¹since,3,1
105,3,1
âº,3,1
100,3,1
yummy,3,1
youtube,3,1
1951,3,1
16th,3,1
yay,3,1
1940,3,1
1806,3,1
yelling,3,1
yellow,3,1
yesterday,3,1
ygng,3,1
ygng_interior_design,3,1
18,3,1
yogagram,3,1
yogaismagic,3,1
yogajourney,3,1
yogalover,3,1
yogavibes,3,1
170,3,1
yogilifestyle,3,1
17,3,1
85,3,1
8th,3,1
vive,3,1
wallet,3,1
waited,3,1
acquistare,3,1
waking,3,1
acne,3,1
achieving,3,1
walkingwiththewounded,3,1
wall,3,1
wallace,3,1
wallpaper,3,1
wine,3,1
walls,3,1
wanderlust,3,1
accumulation,3,1
disordinato,3,1
accomodate,3,1
warming,3,1
warmth,3,1
washed,3,1
actually,3,1
w4w,3,1
vuol,3,1
voluto,3,1
vivere,3,1
vivid,3,1
vizi,3,1
voce,3,1
admire,3,1
adjusting,3,1
vogueindia,3,1
voi,3,1
voice,3,1
volgocampania,3,1
volgoitalia,3,1
adds,3,1
dogi,3,1
volto,3,1
volume,3,1
volunteer,3,1
volunteers,3,1
wasn,3,1
accolta,3,1
accessories,3,1
welcome,3,1
abbracci,3,1
weloveourteam,3,1
went,3,1
abandoned,3,1
whatã,3,1
whichever,3,1
whilst,3,1
white,3,1
wide,3,1
widest,3,1
wilderness,3,1
willingness,3,1
________________________________________________,3,1
90,3,1
window,3,1
windows,3,1
windyday,3,1
welcomed,3,1
weirdã,3,1
watched,3,1
weeks,3,1
watching,3,1
accessible,3,1
waterlilies,3,1
wattle,3,1
access,3,1
ways,3,1
acceso,3,1
wear,3,1
weather,3,1
acceptance,3,1
weaver,3,1
website,3,1
weddingseason,3,1
abounds,3,1
doesn,3,1
abitudine,3,1
weekendmood,3,1
allaricerca,3,1
travelingram,3,1
traveling,3,1
archilovers,3,1
streets,3,1
archimedes,3,1
strette,3,1
stretto,3,1
striking,3,1
strings,3,1
strip,3,1
stroll,3,1
stronzate,3,1
armstrong,3,1
studentlife,3,1
doorsofitaly,3,1
aptwarepottery,3,1
stuff,3,1
stunning,3,1
stunningly,3,1
aprono,3,1
styling,3,1
strata,3,1
stpatricksday,3,1
storytelling,3,1
storyofmylife,3,1
arena,3,1
stessa,3,1
stesse,3,1
stessi,3,1
stesso,3,1
stgermaindespres,3,1
stiff,3,1
stile,3,1
stimulating,3,1
stole,3,1
stop,3,1
stopped,3,1
stopping,3,1
arcus,3,1
storia,3,1
storiedivita,3,1
architecturelovers,3,1
april,3,1
subject,3,1
submit,3,1
summertime,3,1
donã,3,1
sundayfunday,3,1
sunnies,3,1
approach,3,1
apprezzi,3,1
sunset,3,1
suo,3,1
superba,3,1
apprezzare,3,1
supporters,3,1
sur,3,1
surabaya,3,1
apprezza,3,1
appreciated,3,1
surgeon,3,1
surprise,3,1
donotbeafraid,3,1
appropriato,3,1
summerfoods,3,1
successful,3,1
doors,3,1
successfully,3,1
successivamente,3,1
successive,3,1
sudden,3,1
suddenly,3,1
sueltos,3,1
suffer,3,1
suffered,3,1
sufficient,3,1
sufi,3,1
sugar,3,1
sugars,3,1
suggestions,3,1
sugggest,3,1
sui,3,1
suite,3,1
sumisura,3,1
steak,3,1
stayed,3,1
susanna,3,1
spam,3,1
soul,3,1
aspettare,3,1
south,3,1
aspects,3,1
aspect,3,1
spa,3,1
ask,3,1
spaces,3,1
aside,3,1
stayactive,3,1
spanishsteps,3,1
spare,3,1
sparkly,3,1
speak,3,1
speaker,3,1
asia,3,1
spearheading,3,1
as_spirit_moves_me,3,1
soubesse,3,1
sottile,3,1
aspettiamo,3,1
sorrento,3,1
assim,3,1
sobre,3,1
socchiuse,3,1
social,3,1
societã,3,1
soddisfazione,3,1
sogood,3,1
sold,3,1
soldi,3,1
solo,3,1
solocosebelle,3,1
solution,3,1
son,3,1
assemblage,3,1
aspoonfulofbenjamin,3,1
soothing,3,1
sorella,3,1
specialize,3,1
artista,3,1
specializes,3,1
arte,3,1
dorati,3,1
stage,3,1
stages,3,1
stagione,3,1
stains,3,1
stairs,3,1
stairway,3,1
stale,3,1
stampe,3,1
stand,3,1
stands,3,1
starring,3,1
arrived,3,1
arrival,3,1
arriva,3,1
stavano,3,1
arrangement,3,1
sta,3,1
sriyukteswar,3,1
artist,3,1
srinagar,3,1
specs,3,1
spend,3,1
spending,3,1
artisanal,3,1
speriamo,3,1
sperlingkupfer,3,1
spesa,3,1
sphere,3,1
spin,3,1
dormant,3,1
spots,3,1
sprigionando,3,1
article,3,1
springboard,3,1
springonion,3,1
square,3,1
squashed,3,1
aperte,3,1
susannasalk,3,1
allora,3,1
ammira,3,1
diseases,3,1
tiber,3,1
tickets,3,1
tied,3,1
tiedtogheter,3,1
amok,3,1
amoilmiolavoro,3,1
times,3,1
tinier,3,1
andues,3,1
tiny,3,1
amitavghosh,3,1
tiramisu,3,1
tishanidoshi,3,1
tlpicks,3,1
amici,3,1
america,3,1
tmbcosmetic,3,1
throwing,3,1
throwbackthursday,3,1
ampie,3,1
thread,3,1
theme,3,1
thepurepackage,3,1
therealplumsykes,3,1
thereof,3,1
ancienttemple,3,1
thesugarpalm,3,1
thesurfmd,3,1
thetuscantimes,3,1
ancientromanarchitecture,3,1
theworlds50best,3,1
ancientetmoderne,3,1
ancestors,3,1
amsalem,3,1
amplify,3,1
thorough,3,1
thought,3,1
thoughts,3,1
amerfort,3,1
tofu,3,1
tomb,3,1
trackside,3,1
altrettanto,3,1
traditionalhome,3,1
traditions,3,1
tradizione,3,1
trail,3,1
trainer,3,1
training,3,1
transcends,3,1
trattoria,3,1
trattorialagriglia,3,1
dish,3,1
travelandleisure,3,1
alta,3,1
travelblogger,3,1
travelchannel,3,1
traveldeeper,3,1
traveled,3,1
altrimenti,3,1
altro,3,1
ambiente,3,1
dolce,3,1
tonight,3,1
tonta,3,1
ambiance,3,1
domani,3,1
topped,3,1
tornare,3,1
amazed,3,1
torontoã,3,1
toscana,3,1
totality,3,1
totalling,3,1
dolore,3,1
dolci,3,1
amalfi_coast,3,1
tourism,3,1
tourist,3,1
tourists,3,1
theleathersatchelcompany,3,1
thefoodmedic,3,1
susi,3,1
talented,3,1
tailored,3,1
antoniomaciel,3,1
discoveries,3,1
antiquariato,3,1
antioxidants,3,1
antica,3,1
tale,3,1
antibacterial,3,1
talents,3,1
thebeach,3,1
talk,3,1
talking,3,1
anthology,3,1
answered,3,1
tanto,3,1
tap,3,1
tarantella,3,1
taranto,3,1
tailor,3,1
tag,3,1
tableã,3,1
tableware,3,1
swapped,3,1
sweet,3,1
sweetness,3,1
sweets,3,1
sweltering,3,1
swing,3,1
swung,3,1
sykes,3,1
symmetry,3,1
sã,3,1
tabanlioglu,3,1
discover,3,1
ao,3,1
tablescape,3,1
antwerp,3,1
tablesettings,3,1
tabletop,3,1
donating,3,1
taste,3,1
tasty,3,1
ter,3,1
animali,3,1
terraces,3,1
terrine,3,1
terrines,3,1
animalart,3,1
testaments,3,1
textilehunter,3,1
donated,3,1
thai,3,1
angry,3,1
thankful,3,1
discussions,3,1
angelamissoni,3,1
thats,3,1
thatã,3,1
the6ix,3,1
angela,3,1
term,3,1
tenute,3,1
taught,3,1
tenho,3,1
taunts,3,1
announce,3,1
annoia,3,1
tea,3,1
anno,3,1
teamcallawaylove,3,1
teases,3,1
technical,3,1
teens,3,1
tel,3,1
tela,3,1
anitalianstory,3,1
tem,3,1
temple,3,1
animals,3,1
animalier,3,1
tengo,3,1
paradoxically,3,1
para,3,1
erinamber,3,1
hello,3,1
coordinator,3,1
heartbreak,3,1
heartbreaking,3,1
heather,3,1
hedge,3,1
heighteencentury,3,1
heir,3,1
hell,3,1
coordinate,3,1
herbs,3,1
coolsculpting,3,1
cookbook,3,1
helpingkids,3,1
helpingothers,3,1
helpraiseawareness,3,1
hemisphereã,3,1
conviviality,3,1
henlove,3,1
heard,3,1
heaps,3,1
ended,3,1
healthylifestyle,3,1
happytimes,3,1
hard,3,1
hardest,3,1
hate,3,1
haunt,3,1
cornerstone,3,1
havenã,3,1
havia,3,1
having,3,1
hazel,3,1
cornering,3,1
headaches,3,1
healed,3,1
corner,3,1
healthcare,3,1
healthier,3,1
coral,3,1
herb,3,1
heritage,3,1
goodbye,3,1
homedecor,3,1
hold,3,1
conventionally,3,1
holdingontothebest,3,1
contributing,3,1
holistichealth,3,1
holly,3,1
continuing,3,1
continues,3,1
homedecoration,3,1
hermes,3,1
homedesign,3,1
context,3,1
homemadefood,3,1
honey,3,1
honored,3,1
honour,3,1
hop,3,1
endearing,3,1
conversation,3,1
hitting,3,1
convincermi,3,1
historyã,3,1
hermesleilamenchari,3,1
hero,3,1
heroes,3,1
herã,3,1
heterã,3,1
heã,3,1
hidden,3,1
hides,3,1
high,3,1
highlighting,3,1
highly,3,1
highqualitycotton,3,1
hill,3,1
hindu,3,1
hip,3,1
convite,3,1
historylover,3,1
happyplace,3,1
happybirthday,3,1
corruptum,3,1
grey,3,1
course,3,1
greatest,3,1
greatly,3,1
greeceandrome,3,1
enhance,3,1
cour,3,1
gregorovius,3,1
countryã,3,1
countrystyle,3,1
cosebelle,3,1
greyhounds,3,1
griglia,3,1
grilled,3,1
groundbreaking,3,1
engraved,3,1
countrylife,3,1
grown,3,1
guaranteed,3,1
courtyard,3,1
cousin,3,1
covers,3,1
grass,3,1
goodman,3,1
goodnight,3,1
goods,3,1
goodstuff,3,1
goodwork,3,1
goose,3,1
gore,3,1
cream,3,1
gostasse,3,1
crazy,3,1
craftsmanship,3,1
grab,3,1
grabbed,3,1
gracethetable,3,1
crackofdawn,3,1
coworkers,3,1
grandi,3,1
guardando,3,1
guardandola,3,1
guardandoli,3,1
handembroided,3,1
energy,3,1
handmade,3,1
cost,3,1
handmadeinfrance,3,1
handmadeisbetter,3,1
handmadepottery,3,1
handmaid,3,1
handpicked,3,1
devoting,3,1
handstands,3,1
hanging,3,1
happen,3,1
energising,3,1
happeninginparis,3,1
happier,3,1
happiest,3,1
happily,3,1
handful,3,1
handed,3,1
guessed,3,1
handcrafted,3,1
countryfilelive,3,1
guide,3,1
guides,3,1
gulf,3,1
guru,3,1
gut,3,1
guys,3,1
counter,3,1
hadde,3,1
hadn,3,1
englishliterature,3,1
development,3,1
hairborn,3,1
haircolour,3,1
cotone,3,1
hairs,3,1
hand,3,1
hopefully,3,1
hopeless,3,1
hopelessly,3,1
inrhomeã,3,1
iniziative,3,1
inlovewithbeauty,3,1
inmates,3,1
conditions,3,1
innerbeauty,3,1
innerpeace,3,1
innovation,3,1
inrhome,3,1
inrustwetrust,3,1
connected,3,1
insanely,3,1
condition,3,1
inscriptions,3,1
insegna,3,1
insensibilitã,3,1
inside,3,1
insieme,3,1
inspect,3,1
inherited,3,1
conference,3,1
ingiallite,3,1
informing,3,1
congratulations,3,1
congrats,3,1
incredibly,3,1
indescrivibili,3,1
india,3,1
indicate,3,1
indimenticabile,3,1
indipendentemente,3,1
conflicting,3,1
indonesian,3,1
indus,3,1
industry,3,1
infine,3,1
infinita,3,1
infinity,3,1
influence,3,1
confident,3,1
concentration,3,1
inspirational,3,1
comunque,3,1
integritã,3,1
intensive,3,1
intentions,3,1
compassionate,3,1
interestingly,3,1
comparison,3,1
interiordecorating,3,1
diagram,3,1
interiordesigner,3,1
communion,3,1
interiordesignideas,3,1
common,3,1
interiors,3,1
interiorstyling,3,1
commitment,3,1
commit,3,1
interpretato,3,1
interview,3,1
intelligenza,3,1
integralismi,3,1
compte,3,1
instatraveling,3,1
compliment,3,1
instabooks,3,1
complete,3,1
instadog,3,1
instadogs,3,1
instafit,3,1
instafoodie,3,1
instago,3,1
compleanno,3,1
compassione,3,1
instagramdogs,3,1
instagramers,3,1
instaitaly,3,1
instance,3,1
instant,3,1
instapassport,3,1
instatravel,3,1
inconjuntos,3,1
includes,3,1
horrifying,3,1
constructing,3,1
husband,3,1
hvac,3,1
hver,3,1
construction,3,1
hydrated,3,1
hydration,3,1
icon,3,1
idea,3,1
idee,3,1
included,3,1
ieri,3,1
ig,3,1
considerazione,3,1
consciousness,3,1
ig_italy,3,1
ig_ravello,3,1
ig_salerno,3,1
ig_tuscany,3,1
hurt,3,1
hurry,3,1
hunter,3,1
hunt,3,1
horses,3,1
content,3,1
hot,3,1
hotel,3,1
hotstuff,3,1
hours,3,1
dfat,3,1
http,3,1
contacting,3,1
huffpostgram,3,1
hug,3,1
encouraging,3,1
encouragement,3,1
human,3,1
humble,3,1
humbled,3,1
hundreds,3,1
ig_veneto,3,1
ig_venice,3,1
ig_verona,3,1
immediatamente,3,1
connor,3,1
impact,3,1
imparato,3,1
imperfetto,3,1
imperial,3,1
impersonal,3,1
importance,3,1
connects,3,1
importi,3,1
importã,3,1
impressed,3,1
connection,3,1
impressive,3,1
incapable,3,1
incarico,3,1
inclined,3,1
include,3,1
immense,3,1
imbued,3,1
ig_worldclub,3,1
imagine,3,1
igersitalia,3,1
igersitaly,3,1
igerssalerno,3,1
igitalia,3,1
igitaly,3,1
ignite,3,1
ignorance,3,1
consciousliving,3,1
ill,3,1
illegal,3,1
illusion,3,1
illusioni,3,1
iloveflowers,3,1
ilovemydog,3,1
consapevolezza,3,1
imagesndetails,3,1
conosca,3,1
goodhair,3,1
creamyblonde,3,1
papã,3,1
favore,3,1
decent,3,1
fashiondiaries,3,1
fashiondiplomacy,3,1
fashionesiagoesaussie,3,1
father,3,1
fatteamano,3,1
decadent,3,1
favor,3,1
debba,3,1
episode,3,1
designs,3,1
fb,3,1
fearless,3,1
deal,3,1
featuresã,3,1
equip,3,1
feed,3,1
feedingtheeye,3,1
decided,3,1
decidere,3,1
deciderei,3,1
decidersi,3,1
decorated,3,1
familybusiness,3,1
familyfood,3,1
familyrocks,3,1
familytime,3,1
familyvalues,3,1
deco,3,1
fanno,3,1
fantastic,3,1
fantastici,3,1
deck,3,1
fare,3,1
farla,3,1
decisione,3,1
farmtotable,3,1
farne,3,1
farti,3,1
equilibrio,3,1
feelingfreshaf,3,1
gonna,3,1
entrepreneurs,3,1
dametraveler,3,1
damaged,3,1
finds,3,1
dalla,3,1
finished,3,1
fino,3,1
firing,3,1
fish,3,1
fitness,3,1
feelings,3,1
fits,3,1
flair,3,1
flannery,3,1
flat,3,1
flavour,3,1
flea,3,1
flight,3,1
entire,3,1
damnak,3,1
filati,3,1
damp,3,1
fighting,3,1
dart,3,1
darlingdaily,3,1
envision,3,1
feltrinelli,3,1
feltrinellired,3,1
dare,3,1
feminine,3,1
femminista,3,1
fernando,3,1
festival,3,1
darci,3,1
festivities,3,1
fiancã,3,1
danã,3,1
field,3,1
dandruff,3,1
fieldsofgold,3,1
decorations,3,1
decorative,3,1
fallrecipes,3,1
example,3,1
euros,3,1
evening,3,1
deserve,3,1
everevolving,3,1
describing,3,1
evidente,3,1
evoluto,3,1
des,3,1
examples,3,1
decorativo,3,1
excel,3,1
excellence,3,1
excellent,3,1
dentro,3,1
excitement,3,1
exciting,3,1
demand,3,1
execution,3,1
european,3,1
europe,3,1
eucalyptus,3,1
euamocasamento,3,1
ero,3,1
especially,3,1
espial,3,1
esporre,3,1
esse,3,1
essencialetc,3,1
essentialoils,3,1
designanddecor,3,1
estate,3,1
esteja,3,1
estiver,3,1
estrada,3,1
estã,3,1
et,3,1
eternal,3,1
eternamente,3,1
desiderare,3,1
delorenzocolour,3,1
expedite,3,1
expensive,3,1
f1,3,1
fabrication,3,1
facade,3,1
degrees,3,1
deg,3,1
definitely,3,1
facilities,3,1
deenacee,3,1
fad,3,1
fads,3,1
fahrenheit,3,1
fai,3,1
fails,3,1
fairy,3,1
faith,3,1
dedication,3,1
dedicare,3,1
fallentertaining,3,1
fa,3,1
eyesight,3,1
delorenzo,3,1
erase,3,1
experiences,3,1
experiment,3,1
experimenting,3,1
designing,3,1
explore,3,1
explores,3,1
delivery,3,1
exquisite,3,1
extent,3,1
delish,3,1
dele,3,1
extraordinary,3,1
extremely,3,1
exuberance,3,1
exuberant,3,1
eye,3,1
eyed,3,1
floor,3,1
floralart,3,1
florarte_flores,3,1
gave,3,1
gang,3,1
gaps,3,1
garanzia,3,1
crisp,3,1
criscrossed,3,1
gastronomia,3,1
gates,3,1
gatheringaroundthetable,3,1
gaze,3,1
fullheadfoils,3,1
gem,3,1
general,3,1
dettaglidimoda,3,1
generations,3,1
genere,3,1
generously,3,1
genitali,3,1
gentile,3,1
ganesha,3,1
detox,3,1
galline,3,1
crosses,3,1
crust,3,1
function,3,1
cruelty,3,1
crowds,3,1
fundamental,3,1
fundraise,3,1
fundraiser,3,1
crotone,3,1
funds,3,1
fundthefight,3,1
futility,3,1
crossings,3,1
futuro,3,1
g2gultra,3,1
gabby,3,1
gabbygandara,3,1
gabrielagoulartsfr,3,1
gentilezza,3,1
geometricwonder,3,1
germain,3,1
gladness,3,1
creations,3,1
glimpse,3,1
glitter,3,1
glittery,3,1
gmail,3,1
gnomes,3,1
goal,3,1
gobeyond,3,1
goda,3,1
godermele,3,1
gods,3,1
createur,3,1
goggles,3,1
create,3,1
creare,3,1
golden,3,1
gone,3,1
glance,3,1
enjoyed,3,1
germany,3,1
creature,3,1
getaway,3,1
gets,3,1
gian,3,1
crescitapersonale,3,1
giant,3,1
credit,3,1
gioco,3,1
gioia,3,1
giornate,3,1
credi,3,1
credere,3,1
girlbosses,3,1
giudicare,3,1
giudico,3,1
giuseppe,3,1
given,3,1
gives,3,1
fully,3,1
fu,3,1
florentine,3,1
cured,3,1
folklore,3,1
folks,3,1
entertaining,3,1
current,3,1
curens,3,1
followyourheart,3,1
fondo,3,1
fontana,3,1
foodchannel,3,1
ensure,3,1
fooddelivery,3,1
cure,3,1
foodies,3,1
foodlovers,3,1
foodpic,3,1
curated,3,1
foodstyling,3,1
determinato,3,1
entertaininginstyle,3,1
cycling,3,1
fodorstravel,3,1
fodorsonthego,3,1
flores,3,1
floriade_australia,3,1
florirã,3,1
florist,3,1
flour,3,1
flours,3,1
flowerart,3,1
flowerphotography,3,1
flowerprint,3,1
dahlias,3,1
enthusiasm,3,1
flying,3,1
fmaccapani,3,1
cylinder,3,1
focused,3,1
focuses,3,1
focusing,3,1
footbridge,3,1
foraging,3,1
force,3,1
francasozzani,3,1
freak,3,1
cultu,3,1
freedom,3,1
culto,3,1
frenchbasket,3,1
frenchpate,3,1
cuisinewatdamnak,3,1
frenchterrine,3,1
frenchtraditionsoutherncharm,3,1
ensuring,3,1
freshest,3,1
cui,3,1
cucinare,3,1
cucinaitaliana,3,1
friendships,3,1
cucciola,3,1
frotta,3,1
frase,3,1
frames,3,1
foreground,3,1
framed,3,1
forest,3,1
forever,3,1
forget,3,1
formal,3,1
formanpictureframing,3,1
forse,3,1
forster,3,1
fortuna,3,1
fortunate,3,1
cunningham,3,1
fossi,3,1
foto,3,1
cum,3,1
founded,3,1
founder,3,1
enter,3,1
frame,3,1
inthenameoflove,3,1
inthistogether,3,1
introduce,3,1
moderate,3,1
mistero,3,1
carlacoulson,3,1
modadonna,3,1
mode,3,1
modello,3,1
models,3,1
modena,3,1
modepersonnelle,3,1
carla,3,1
career,3,1
moderndesign,3,1
modificare,3,1
modo,3,1
molecules,3,1
cares,3,1
moment,3,1
momenti,3,1
momenticosã,3,1
missonifw17,3,1
missonifamily,3,1
carlo,3,1
missing,3,1
milano,3,1
miles,3,1
mille,3,1
mim,3,1
min,3,1
el,3,1
mindfulness,3,1
minha,3,1
carrello,3,1
miniatures,3,1
minor,3,1
minute,3,1
minutes,3,1
carpet,3,1
miracoloso,3,1
mismatched,3,1
egoismo,3,1
mommiemix,3,1
monaco,3,1
introducing,3,1
capisca,3,1
moving,3,1
mu,3,1
muffins,3,1
mumbai,3,1
mumbaifoodie,3,1
munich,3,1
murat,3,1
capisci,3,1
museums,3,1
monday,3,1
mydog,3,1
mydogiscutest,3,1
edition,3,1
myths,3,1
mytravelgram,3,1
na,3,1
nacional,3,1
nail,3,1
motivation,3,1
motivata,3,1
capito,3,1
mostrare,3,1
digestion,3,1
capture,3,1
monocromo,3,1
monte,3,1
editor,3,1
monument,3,1
caprilife,3,1
morbida,3,1
morbidissime,3,1
morire,3,1
capriisland,3,1
morrer,3,1
morreria,3,1
morria,3,1
morro,3,1
morte,3,1
morto,3,1
milanfashionweek,3,1
milan,3,1
mike,3,1
mccann,3,1
mastery,3,1
celsius,3,1
mathematical,3,1
matrimonio,3,1
matteotti,3,1
maturity,3,1
cells,3,1
mayfield,3,1
meadow,3,1
miei,3,1
celebri,3,1
meals,3,1
celebration,3,1
meaningful,3,1
caã,3,1
causes,3,1
cause,3,1
meats,3,1
masterchef,3,1
cena,3,1
ceneimportanti,3,1
elegant,3,1
maniera,3,1
manifest,3,1
manifestazione,3,1
manujoseph,3,1
manã,3,1
map,3,1
march,3,1
marcheauxpuces,3,1
marches,3,1
elephants,3,1
margaret,3,1
century,3,1
centuries,3,1
marked,3,1
centered,3,1
markets,3,1
massimo,3,1
meaty,3,1
media,3,1
medic,3,1
mesmo,3,1
messages,3,1
casestoriche,3,1
metabolism,3,1
metafore,3,1
metaforicamente,3,1
metaphor,3,1
method,3,1
cases,3,1
meu,3,1
mfw17,3,1
casadigiuletta,3,1
casa,3,1
elated,3,1
michelin,3,1
mid,3,1
middle,3,1
diffused,3,1
casini,3,1
mesma,3,1
meditate,3,1
merrychristmas,3,1
catwalk,3,1
meditavo,3,1
meditazionetime,3,1
mediterranean,3,1
catering,3,1
categoryã,3,1
meglio,3,1
meissenporzellan,3,1
meiã,3,1
meltdown,3,1
catch,3,1
memorable,3,1
castleoflove,3,1
castello,3,1
menchari,3,1
menos,3,1
merely,3,1
nails,3,1
namaste,3,1
namastã,3,1
opportunities,3,1
omri,3,1
oneofakindpottery,3,1
ones,3,1
online,3,1
onlookers,3,1
burden,3,1
opened,3,1
opening,3,1
buonanottecosã,3,1
buy,3,1
oppressor,3,1
ora,3,1
oramai,3,1
buon,3,1
ordini,3,1
org,3,1
bunches,3,1
organised,3,1
omni,3,1
olympia,3,1
oltre,3,1
olive,3,1
october,3,1
odd,3,1
offer,3,1
offered,3,1
offering,3,1
offers,3,1
office,3,1
official,3,1
butchershop,3,1
echoed,3,1
oil,3,1
oils,3,1
divertimento,3,1
oldbooks,3,1
burst,3,1
buried,3,1
olenkabrownies,3,1
orgoglioepregiudizio,3,1
orhan,3,1
oriental,3,1
package,3,1
pagani,3,1
pagantemple,3,1
buddha,3,1
pages,3,1
pagine,3,1
pain,3,1
pair,3,1
palace,3,1
palazzo,3,1
palm,3,1
pampa,3,1
pamuk,3,1
panel,3,1
panic,3,1
bts,3,1
pantheum,3,1
papachristidis,3,1
packed,3,1
pack,3,1
original,3,1
eats,3,1
ormai,3,1
bumps,3,1
osteriafrancescana,3,1
outdated,3,1
outdoor,3,1
outdoors,3,1
outer,3,1
eccomi,3,1
overlooking,3,1
overwhelmed,3,1
overwhelming,3,1
overã,3,1
owe,3,1
owned,3,1
eauditalie,3,1
owners,3,1
ownyourlife,3,1
occhi,3,1
obvious,3,1
nana,3,1
nero,3,1
nel,3,1
candle,3,1
nella,3,1
nemmeno,3,1
nenhuma,3,1
neonatal,3,1
nephcure,3,1
candidates,3,1
nervous,3,1
obstacles,3,1
cancelli,3,1
campionato,3,1
newcollection,3,1
newcomer,3,1
newdesign,3,1
newer,3,1
news,3,1
newsletter,3,1
nei,3,1
negative,3,1
candlelight,3,1
cane,3,1
capacity,3,1
nappine,3,1
narra,3,1
nascondersi,3,1
nascoste,3,1
national,3,1
natives,3,1
canã,3,1
naturalremedies,3,1
nature,3,1
navigate,3,1
navy,3,1
ncia,3,1
cantar,3,1
nearly,3,1
necessary,3,1
cangiante,3,1
newyearsintentions,3,1
newyorktimestravelshow,3,1
nicely,3,1
note,3,1
notion,3,1
nulla,3,1
numerous,3,1
nuovi,3,1
calming,3,1
nutrients,3,1
calls,3,1
nutritionist,3,1
economic,3,1
caixã,3,1
caes,3,1
caeiro,3,1
cabinet,3,1
c10nsev,3,1
obrigada,3,1
obsessed,3,1
obsession,3,1
noticeable,3,1
notable,3,1
nicolasgiovannoni75,3,1
nosugar,3,1
niece,3,1
campaigns,3,1
edited,3,1
edible,3,1
niravmodijewels,3,1
edge,3,1
noia,3,1
nomahproject,3,1
nominate,3,1
diggin,3,1
nonna,3,1
cambiamenti,3,1
nonviolent,3,1
nordovestã,3,1
north,3,1
nostra,3,1
nostri,3,1
mangiarla,3,1
mangiare,3,1
maneira,3,1
closer,3,1
closet,3,1
lady,3,1
lagarzararaoutlet,3,1
lahiri,3,1
lahirimahasaya,3,1
lamb,3,1
lamã,3,1
land,3,1
language,3,1
cockfights,3,1
languages,3,1
lanvin,3,1
laratgilmore,3,1
largest,3,1
lasciano,3,1
lasciarli,3,1
lasciato,3,1
lascio,3,1
closing,3,1
laden,3,1
lacremedelacreme,3,1
lack,3,1
empoweringwomen,3,1
cntturns7,3,1
kinda,3,1
kindest,3,1
kisses,3,1
didactic,3,1
knew,3,1
cnthottablesxniravmodi,3,1
knowledge,3,1
cntbestof7,3,1
knows,3,1
empatia,3,1
krishna,3,1
clothing,3,1
labrador,3,1
labradorretriever,3,1
labradors,3,1
lastagionecheamo,3,1
lastagionedellamore,3,1
lasting,3,1
clean,3,1
leadership,3,1
leading,3,1
learn,3,1
classici,3,1
emozione,3,1
classe,3,1
leathergoods,3,1
leathersatchel,3,1
leathersatchelco,3,1
emozionarsi,3,1
claims,3,1
lecosebuonefannoingrassare,3,1
lecture,3,1
didnã,3,1
leek,3,1
leemozioninonmuoionomai,3,1
embroideredaccessory,3,1
claudia,3,1
layering,3,1
late,3,1
layered,3,1
clock,3,1
latim,3,1
climb,3,1
latuilealoupintheusa,3,1
clienti,3,1
laughter,3,1
launching,3,1
lauren,3,1
lavander,3,1
click,3,1
emozionisenzatempo,3,1
lavorata,3,1
lavorazioneartigianale,3,1
lavoro,3,1
lavorodipassione,3,1
cleaneating,3,1
10,3,1
coastline,3,1
kickingass,3,1
legged,3,1
italianstyle,3,1
encompassed,3,1
combat,3,1
column,3,1
italian_trips,3,1
italiana,3,1
italianfood,3,1
italiangirl,3,1
italianjoy,3,1
colours,3,1
kicking,3,1
italy365,3,1
italygram,3,1
italymagazine,3,1
italytravel,3,1
encompass,3,1
iv,3,1
iã,3,1
jacket,3,1
combined,3,1
combino,3,1
isso,3,1
israel,3,1
introductory,3,1
invasaitaly,3,1
commercial,3,1
invii,3,1
invitation,3,1
invite,3,1
invoked,3,1
comment,3,1
encounter,3,1
irisdurandesign,3,1
iron,3,1
irregularity,3,1
irritations,3,1
combs,3,1
isn,3,1
isoladicapri,3,1
ispirazionetime,3,1
jaipur,3,1
jaipurdiaries,3,1
jaipurigers,3,1
colleague,3,1
july,3,1
jumped,3,1
collage,3,1
collaboration,3,1
collaborate,3,1
ka,3,1
kaith,3,1
kaleidoscope,3,1
kanishktharoor,3,1
dicendo,3,1
coeur,3,1
keeps,3,1
coconut,3,1
kerry,3,1
kerry_hairborn,3,1
kewbeach,3,1
key,3,1
julietclub,3,1
juicy,3,1
jakarta,3,1
college,3,1
jakartafashionweek,3,1
jan,3,1
jane_tupinamba,3,1
janeausten,3,1
janicepariat,3,1
jeneregretterien,3,1
jersey,3,1
jesus,3,1
jesuschrist,3,1
colour,3,1
jhumpa,3,1
job,3,1
enchantment,3,1
joined,3,1
colorfull,3,1
colorful,3,1
colore,3,1
ciretrudon,3,1
leggenda,3,1
mandorla,3,1
lower,3,1
loveislove,3,1
loveitalia,3,1
loveitalianfood,3,1
loveitaly,3,1
loveletter,3,1
changing,3,1
lovewhatyoudo,3,1
lovewins,3,1
luca,3,1
died,3,1
luccicano,3,1
luce,3,1
lucius,3,1
changes,3,1
embassy,3,1
lui,3,1
lunedã,3,1
lunga,3,1
lovedogs,3,1
charcoal,3,1
charged,3,1
louziehdoces,3,1
lookin,3,1
cheerful,3,1
looks,3,1
charming,3,1
lori,3,1
charmers,3,1
charlotte,3,1
losing,3,1
lost,3,1
charities,3,1
lots,3,1
lotta,3,1
loubatieres,3,1
louder,3,1
louis,3,1
louise,3,1
louiseloubatieres,3,1
luogo,3,1
lush,3,1
lusso,3,1
chair,3,1
magnets,3,1
chai,3,1
mail,3,1
mailbox,3,1
difficult,3,1
make_over23,3,1
certezze,3,1
makeeverydayspecial,3,1
eliza,3,1
certain,3,1
makingmemoriesforlife,3,1
male,3,1
malls,3,1
cercherã,3,1
managed,3,1
managing,3,1
mancini,3,1
magazines,3,1
chakra,3,1
luxe,3,1
madonnadellegalline2017,3,1
luxury,3,1
lycra,3,1
chang,3,1
macelleria,3,1
chandrahaschoudhury,3,1
macramã,3,1
madeinbritain,3,1
madeinengland,3,1
champion,3,1
difficile,3,1
challenged,3,1
madeinliverpool,3,1
madelineweinrib,3,1
madetoorder,3,1
madewithlove,3,1
challenge,3,1
madonnadellegalline,3,1
cheese,3,1
lontano,3,1
leggera,3,1
christianchurch,3,1
chutzpah,3,1
libribelli,3,1
librichelascianoilsegno,3,1
librichepassione,3,1
christmasspecialgift,3,1
licenziando,3,1
lied,3,1
lievita,3,1
lifeinitaly,3,1
longweekend,3,1
lifeintravel,3,1
lifeless,3,1
chose,3,1
lifewelltraveled,3,1
lifewelltravelled,3,1
choose,3,1
lights,3,1
lightweight,3,1
libra,3,1
libero,3,1
libera,3,1
cimbrone,3,1
circonda,3,1
leggi,3,1
leila,3,1
leiths,3,1
leithscooking,3,1
lekkereten,3,1
lesson,3,1
cioccolatoovunque,3,1
letgo,3,1
lets,3,1
letter,3,1
letteraturainglese,3,1
cioccolato,3,1
letterstojuliet,3,1
letture,3,1
lettureserali,3,1
letã,3,1
liguria,3,1
chocolatetherapy,3,1
likely,3,1
embroidered,3,1
livethelittlethings,3,1
liveyourdreams,3,1
chicã,3,1
lj,3,1
lk,3,1
chiaracanzian,3,1
embraced,3,1
chest,3,1
embrace,3,1
location,3,1
locations,3,1
loft,3,1
lombardia,3,1
london,3,1
chefsoninstagram,3,1
chefs,3,1
longtime,3,1
chiesa,3,1
liveinspired,3,1
lilitkhachatryan,3,1
liveauthentic,3,1
lille,3,1
limbs,3,1
limestone,3,1
limitata,3,1
limitededition,3,1
limousin,3,1
linda,3,1
lindo,3,1
lined,3,1
chocolatelover,3,1
linens,3,1
chocolatecake,3,1
chiunque,3,1
listentoyourbody,3,1
literature,3,1
childã,3,1
children,3,1
diventa,3,1
