word,Prediction,number
italy,30,10
travel,18,6
latuilealoup,15,6
trulymodernbeauty,18,6
health,15,5
ig_italia,12,5
ericgoujou,15,5
makeeverydaybeautiful,15,5
beauty,15,5
love,15,5
âªã,9,5
spring,12,4
healthy,12,4
travelgram,12,4
whatitalyis,12,4
instadaily,12,4
browsingitaly,12,4
smallpartsofthesamepicture,6,4
italia,12,4
style,12,4
passion,12,4
inspiration,12,4
culture,6,4
fun,9,3
verona,6,3
topdoctor,9,3
books,9,3
travelblog,9,3
instagood,9,3
italian_places,9,3
interiordesign,6,3
wellness,9,3
ladolcevita,9,3
madeinfranceã,9,3
amalficoast,9,3
design,9,3
charity,9,3
frenchpottery,9,3
tablesetting,9,3
stayhealthy,9,3
takemeback,9,3
black,6,2
madonna,3,2
travelinitaly,6,2
cosmeticsurgeon,6,2
peace,6,2
trulymodernwomen,6,2
travelling,6,2
instagram,6,2
sacredheart,6,2
thetuscantravelista,6,2
selfrealization,6,2
british,6,2
nutrition,6,2
cooking,6,2
nutritious,6,2
homemade,6,2
oldstyle,6,2
crystals,6,2
ig_amalficoast,6,2
healthyliving,6,2
chocolate,6,2
takemethere,6,2
moda,6,2
thankyou,6,2
theheavenofthehandmade,6,2
incredibleindia,6,2
capri,6,2
handmadebasket,6,2
ruralfrance,6,2
tips,6,2
tlsc,6,2
parisshopping,6,2
toronto,6,2
tuscany,6,2
cosmeticsurgery,6,2
interiordesigners,6,2
fascinoantico,6,2
venice,6,2
foodporn,6,2
madeinitaly,6,2
amalficoast_,6,2
fashionblogger,6,2
apresannette,6,2
losangeles,3,2
avondaletravel,6,2
amalfigram,6,2
amazingview,6,2
repost,6,2
fashion,6,2
livethedream,6,2
relax,6,2
fascinating,6,2
garden,6,2
weddingstylist,3,2
beautifuldestinations,6,2
behindthescenes,6,2
libridaleggere,6,2
philanthropy,6,2
âª,3,2
italian_food,3,2
foodie,6,2
interiorinspiration,3,2
recipes,6,2
architecture,3,2
givingback,6,2
adoro,6,2
rome,6,2
madeinfrance,6,2
wellbeing,6,2
pagantemple,3,1
plasticsurgery,3,1
pantheon,3,1
plasticsurgeon,3,1
pooh,3,1
popular,3,1
ownyourlife,3,1
pagani,3,1
portico,3,1
positano,3,1
osteriafrancescana,3,1
orgoglioepregiudizio,3,1
oneofakindpottery,3,1
positanoblue,3,1
postadigiulietta,3,1
postcardsfromrome,3,1
oldbooks,3,1
oils,3,1
nyc,3,1
postibelli,3,1
postitfortheaesthetic,3,1
paradise,3,1
places_wow,3,1
plants,3,1
picoftheday,3,1
perfectfit,3,1
peonies,3,1
pelleitaliana,3,1
pet,3,1
pelle,3,1
pets,3,1
pehelgam,3,1
photography,3,1
pediment,3,1
peas,3,1
photooftheday,3,1
piazza,3,1
patisserie,3,1
pastry,3,1
pasticceria,3,1
paramahansayogananda,3,1
passionpassport,3,1
pinkisthenewblack,3,1
parisã,3,1
piquedemarseille,3,1
placemat,3,1
parispopup,3,1
parisphotographer,3,1
parisnoir,3,1
parisishome,3,1
parisflowers,3,1
parisflorist,3,1
parisdecooff,3,1
placetobe,3,1
paris,3,1
2016,3,1
milanfashionweek,3,1
nosugar,3,1
loveitaly,3,1
liveinspired,3,1
livethelittlethings,3,1
liveyourdreams,3,1
lk,3,1
longweekend,3,1
lovedogs,3,1
loveislove,3,1
loveitalia,3,1
loveitalianfood,3,1
loveletter,3,1
newyorktimestravelshow,3,1
lovewhatyoudo,3,1
lovewins,3,1
luxury,3,1
madeinbritain,3,1
madeinengland,3,1
madeinliverpool,3,1
madetoorder,3,1
madewithlove,3,1
madonnadellegalline,3,1
liveauthentic,3,1
literature,3,1
listentoyourbody,3,1
limitededition,3,1
leemozioninonmuoionomai,3,1
legend,3,1
leiths,3,1
lekkereten,3,1
letgo,3,1
letteraturainglese,3,1
letterstojuliet,3,1
letture,3,1
lettureserali,3,1
libri,3,1
libribelli,3,1
librichelascianoilsegno,3,1
librichepassione,3,1
lifeinitaly,3,1
lifeintravel,3,1
lifewelltraveled,3,1
lifewelltravelled,3,1
light,3,1
lilitkhachatryan,3,1
madonnadellegalline2017,3,1
makeeverydayspecial,3,1
makingmemoriesforlife,3,1
missonifamily,3,1
modadonna,3,1
modern,3,1
moderndesign,3,1
momenticosã,3,1
montignano,3,1
monument,3,1
motivation,3,1
mumbaifoodie,3,1
mydog,3,1
mydogiscutest,3,1
mytravelgram,3,1
namaste,3,1
natural,3,1
naturalremedies,3,1
nature,3,1
nero,3,1
newcollection,3,1
newdesign,3,1
newyearsintentions,3,1
missonifw17,3,1
missoni,3,1
manifest,3,1
milano,3,1
marcheauxpuces,3,1
massimobottura,3,1
masterchef,3,1
mathematical,3,1
matrimonio,3,1
meditate,3,1
meditation,3,1
meditazionetime,3,1
meissenporzellan,3,1
meiã,3,1
memories,3,1
merrychristmas,3,1
metafore,3,1
metaphor,3,1
mfw17,3,1
mia,3,1
michaelturek,3,1
milan,3,1
powerful,3,1
potofgold,3,1
rip,3,1
powertothepeople,3,1
practice,3,1
travelandleisure,3,1
travelblogger,3,1
travelchannel,3,1
traveldeeper,3,1
traveling,3,1
travelingram,3,1
travelitalianstyle,3,1
travelplanner,3,1
travelstoke,3,1
trek,3,1
trip,3,1
tripadvisor,3,1
truthintravel,3,1
tuscan,3,1
tuscanybuzz,3,1
tuscanygram,3,1
tuscanypeople,3,1
tuxedo,3,1
two,3,1
tã,3,1
uk,3,1
trattorialagriglia,3,1
tradizione,3,1
traditions,3,1
thesurfmd,3,1
temple,3,1
temples,3,1
terrace,3,1
terrine,3,1
textilehunter,3,1
the6ix,3,1
thebeach,3,1
theleathersatchelcompany,3,1
thepurepackage,3,1
thetuscantimes,3,1
traditionalhome,3,1
throwbackthursday,3,1
tiedtogheter,3,1
tlpicks,3,1
tomb,3,1
torontoã,3,1
toscana,3,1
tourism,3,1
tourist,3,1
tradition,3,1
unavitanonbasta,3,1
underthetuscansun,3,1
uniquedesign,3,1
workshopvisit,3,1
weekendmood,3,1
weloveourteam,3,1
windyday,3,1
winter,3,1
withlove,3,1
womenhelpingwomen,3,1
womeninbusiness,3,1
womensmarch,3,1
workofart,3,1
yoga,3,1
water,3,1
yogagram,3,1
yogaismagic,3,1
yogajourney,3,1
yogalover,3,1
yogavibes,3,1
yogi,3,1
yogilifestyle,3,1
yummie,3,1
yummy,3,1
weddingseason,3,1
wanderlust,3,1
unlimitedrome,3,1
views,3,1
upwiththesun,3,1
vacation,3,1
valentines,3,1
valentinesday,3,1
vegan,3,1
vegetables,3,1
veneto,3,1
verapelle,3,1
veterans,3,1
villa,3,1
walkingwiththewounded,3,1
villacimbrone,3,1
vintage,3,1
vintagelinens,3,1
visiting,3,1
visitumbria,3,1
vogue,3,1
volgocampania,3,1
volgoitalia,3,1
walk,3,1
tasty,3,1
tarte,3,1
tarantella,3,1
sartoriaitaliana,3,1
romance,3,1
romanholiday,3,1
romantemple,3,1
romanticdining,3,1
romanzo,3,1
saamiquilts,3,1
sacrecoeur,3,1
salumi,3,1
sanoveganoitaliano,3,1
sartorialbag,3,1
rimpianti,3,1
sartorialstyle,3,1
satchel,3,1
sausage,3,1
seafood,3,1
seethrough,3,1
seeyouincapri,3,1
setthetable,3,1
settingthetable,3,1
shindprovince,3,1
lecture,3,1
riflessioni,3,1
siemreap,3,1
rainbow,3,1
prayer,3,1
presence,3,1
prideandprejudice,3,1
professional,3,1
proud,3,1
provencestyle,3,1
purepackage,3,1
quality,3,1
qualitymatters,3,1
rajasthan,3,1
ricordi,3,1
rajasthandiaries,3,1
ravello,3,1
redcanzian,3,1
reflection,3,1
reflections,3,1
reigningonknitwearsince1953,3,1
relaxation,3,1
remedies,3,1
restaurant,3,1
sickkids,3,1
silence,3,1
tailored,3,1
sundayfunday,3,1
storyofmylife,3,1
storytelling,3,1
stpatricksday,3,1
studentlife,3,1
students,3,1
sumisura,3,1
summer,3,1
summerfoods,3,1
sunday,3,1
sunny,3,1
stgermaindespres,3,1
sunrise,3,1
sunset,3,1
surgeon,3,1
sweets,3,1
symmetry,3,1
tablescape,3,1
tablesettings,3,1
tabletop,3,1
tableware,3,1
storiedivita,3,1
steps,3,1
sisterinlaw,3,1
snow,3,1
sisters,3,1
skincare,3,1
skirts,3,1
slagerijkosse,3,1
sleep,3,1
smoked,3,1
smoothie,3,1
snakecharmer,3,1
sneakpeek,3,1
sogood,3,1
stayactive,3,1
solocosebelle,3,1
soup,3,1
south,3,1
spanishsteps,3,1
sperlingkupfer,3,1
sphere,3,1
springonion,3,1
srinagar,3,1
sriyukteswar,3,1
leek,3,1
janeausten,3,1
lecosebuonefannoingrassare,3,1
chocolatelover,3,1
christianchurch,3,1
christmasspecialgift,3,1
church,3,1
cioccolato,3,1
cioccolatoovunque,3,1
cirã,3,1
classici,3,1
cleaneating,3,1
cleanse,3,1
cntbestof7,3,1
cnthottablesxniravmodi,3,1
cntturns7,3,1
collage,3,1
college,3,1
compleanno,3,1
consapevolezza,3,1
consciousliving,3,1
consciousness,3,1
cookbook,3,1
coral,3,1
cosebelle,3,1
chocolatetherapy,3,1
chocolatecake,3,1
buonanottecosã,3,1
chocolat,3,1
butchershop,3,1
cake,3,1
calabria,3,1
cambodia,3,1
cane,3,1
capriisland,3,1
caprilife,3,1
capture,3,1
carlacoulson,3,1
casadigiuletta,3,1
casestoriche,3,1
castle,3,1
castleoflove,3,1
celebrate,3,1
ceneimportanti,3,1
chakra,3,1
chef,3,1
chefsoninstagram,3,1
chianti,3,1
chiaracanzian,3,1
chic,3,1
cotton,3,1
countryfilelive,3,1
countrylife,3,1
countrystyle,3,1
divinemasculine,3,1
dog,3,1
doglovers,3,1
dogoftheday,3,1
dogs,3,1
dogsofinstagram,3,1
dolci,3,1
donotbeafraid,3,1
doorsofitaly,3,1
dreamsdocometrue,3,1
drmartinlutherkingjr,3,1
eatingwithasmile,3,1
eatpraylove,3,1
eccomi,3,1
embroideredaccessory,3,1
embroidery,3,1
emozionisenzatempo,3,1
empoweringwomen,3,1
en,3,1
englishliterature,3,1
enjoy,3,1
divinefeminine,3,1
discoveries,3,1
discover,3,1
darlingdaily,3,1
courage,3,1
crackofdawn,3,1
creamyblonde,3,1
crescitapersonale,3,1
crotone,3,1
cucinaitaliana,3,1
curens,3,1
cylinder,3,1
dametraveler,3,1
day,3,1
disciplina,3,1
delicious,3,1
delish,3,1
delorenzo,3,1
delorenzocolour,3,1
designanddecor,3,1
detox,3,1
dettaglidimoda,3,1
dilloconunlibro,3,1
dinner,3,1
butcher,3,1
buddha,3,1
essentialoils,3,1
archilovers,3,1
architecturelovers,3,1
artisanal,3,1
assortaefelice,3,1
aussiebanget,3,1
austen,3,1
australiaawards,3,1
autenticitã,3,1
authentic,3,1
authenticity,3,1
authenticityiseverything,3,1
authenticityiskey,3,1
autunnointavola,3,1
avocado,3,1
babaji,3,1
baglovers,3,1
bags,3,1
baking,3,1
balancing,3,1
bankholiday,3,1
banw2017,3,1
baskets,3,1
archimedes,3,1
aptwarepottery,3,1
bts,3,1
april,3,1
2500followers,3,1
5kfollowers,3,1
accessories,3,1
aftershow,3,1
alignment,3,1
alkaline,3,1
allaricerca,3,1
altar,3,1
amalfi_coast,3,1
amerfort,3,1
america,3,1
amoilmiolavoro,3,1
ancientetmoderne,3,1
ancientromanarchitecture,3,1
ancienttemple,3,1
angelamissoni,3,1
animalart,3,1
anitalianstory,3,1
antioxidants,3,1
antiquariato,3,1
antwerp,3,1
basketweaving,3,1
bastaunlibroperesserefelici,3,1
bbc,3,1
bbccountryfilelive,3,1
blended,3,1
blenheimpalace,3,1
blessed,3,1
bohemianlifestyle,3,1
bohochic,3,1
bohofashion,3,1
bohostyle,3,1
bontã,3,1
book,3,1
bookstagram,3,1
borsebelle,3,1
bossykoreans,3,1
bouquet,3,1
boutis,3,1
breadbasket,3,1
breathtaking,3,1
bridesmaids,3,1
bridge,3,1
bridgeofsighs,3,1
bringonsummer,3,1
britishmade,3,1
blacktie,3,1
blackandwhitephotography,3,1
bistrotdevenise,3,1
bellaitalia,3,1
bdayã,3,1
beachready,3,1
beachyhair,3,1
beautiful,3,1
beautifulalltheway,3,1
beautyinsideandout,3,1
bebacksoon,3,1
beetrootbrownies,3,1
beintruth,3,1
bespokestyle,3,1
birthdayparty2017,3,1
bespoketailoring,3,1
bethechange,3,1
bethelight,3,1
bicycle,3,1
biennaledeparis,3,1
biennaleparis2017,3,1
billcunningham,3,1
biofood,3,1
birthday,3,1
entertaininginstyle,3,1
everevolving,3,1
leathersatchelco,3,1
iloveflowers,3,1
inlovewithbeauty,3,1
innerbeauty,3,1
innerpeace,3,1
innovation,3,1
inrhome,3,1
inrhomeã,3,1
inrustwetrust,3,1
inscriptions,3,1
inspirational,3,1
inspiring,3,1
instabooks,3,1
instadog,3,1
instadogs,3,1
instafit,3,1
instafoodie,3,1
instago,3,1
instagramdogs,3,1
instagramers,3,1
instaitaly,3,1
instapassport,3,1
instatravel,3,1
ilovemydog,3,1
igitaly,3,1
holistichealth,3,1
igitalia,3,1
homedecoration,3,1
homedesign,3,1
homemadefood,3,1
hospital,3,1
hotstuff,3,1
huffpostgram,3,1
hydrangeas,3,1
hydration,3,1
icon,3,1
ig,3,1
ig_italy,3,1
ig_ravello,3,1
ig_salerno,3,1
ig_tuscany,3,1
ig_veneto,3,1
ig_venice,3,1
ig_verona,3,1
ig_worldclub,3,1
igersitalia,3,1
igersitaly,3,1
igerssalerno,3,1
instatraveling,3,1
interior,3,1
interiordecorating,3,1
interiordesigner,3,1
jesuschrist,3,1
julietclub,3,1
kashmir,3,1
kewbeach,3,1
kickingass,3,1
kitchen,3,1
krishna,3,1
labrador,3,1
labradorretriever,3,1
lacremedelacreme,3,1
lahirimahasaya,3,1
lanvin,3,1
lastagionecheamo,3,1
lastagionedellamore,3,1
latuilealoupintheusa,3,1
lavander,3,1
lavorazioneartigianale,3,1
lavorodipassione,3,1
leather,3,1
leathergoods,3,1
leathersatchel,3,1
jesus,3,1
jeneregretterien,3,1
2017,3,1
italianfood,3,1
interiordesignideas,3,1
interiors,3,1
interiorstyling,3,1
inthenameoflove,3,1
inthistogether,3,1
invasaitaly,3,1
isoladicapri,3,1
ispirazionetime,3,1
italian_trips,3,1
italiangirl,3,1
jakartafashionweek,3,1
italianjoy,3,1
italianstyle,3,1
italy365,3,1
italygram,3,1
italymagazine,3,1
italytravel,3,1
jaipur,3,1
jaipurdiaries,3,1
jaipurigers,3,1
homedecor,3,1
holiday,3,1
fall,3,1
flowerart,3,1
flowerprint,3,1
flowers,3,1
fodorsonthego,3,1
fodorstravel,3,1
folklore,3,1
followyourheart,3,1
food,3,1
foodchannel,3,1
fooddelivery,3,1
foodies,3,1
foodlovers,3,1
foodpic,3,1
foodstyling,3,1
fountain,3,1
francasozzani,3,1
frenchbasket,3,1
frenchpate,3,1
frenchterrine,3,1
frenchtraditionsoutherncharm,3,1
fresh,3,1
friday,3,1
flowerphotography,3,1
floralart,3,1
holdingontothebest,3,1
fieldsofgold,3,1
fallentertaining,3,1
fallrecipes,3,1
falorni,3,1
family,3,1
familybusiness,3,1
familyfood,3,1
familyrocks,3,1
familytime,3,1
familyvalues,3,1
farm,3,1
farmtotable,3,1
fashiondiaries,3,1
fashiondiplomacy,3,1
fashionesiagoesaussie,3,1
fatteamano,3,1
feedingtheeye,3,1
feelingfreshaf,3,1
felicitã,3,1
feltrinelli,3,1
feltrinellired,3,1
fields,3,1
friends,3,1
fullheadfoils,3,1
fundraiser,3,1
g2gultra,3,1
handmadeinfrance,3,1
handmadeisbetter,3,1
handmadepottery,3,1
happeninginparis,3,1
happiness,3,1
happybirthday,3,1
happyplace,3,1
happytimes,3,1
healthcare,3,1
healthylifestyle,3,1
heighteencentury,3,1
helpingkids,3,1
helpingothers,3,1
helpraiseawareness,3,1
henlove,3,1
herbs,3,1
hermesleilamenchari,3,1
highqualitycotton,3,1
hip,3,1
history,3,1
historylover,3,1
handmade,3,1
handembroided,3,1
handcrafted,3,1
goodbye,3,1
ganesha,3,1
gardens,3,1
gastronomia,3,1
gatheringaroundthetable,3,1
geometricwonder,3,1
girlbosses,3,1
gobeyond,3,1
gods,3,1
gold,3,1
goodhair,3,1
haircolour,3,1
goodnight,3,1
goodstuff,3,1
goodwork,3,1
gracethetable,3,1
grateful,3,1
grazie,3,1
greeceandrome,3,1
greens,3,1
greve,3,1
â²marina,3,1
