word,Prediction,number
interiordesign,188,265
architecture,109,187
italy,164,167
amalficoast,165,165
beauty,161,161
interiorinspiration,85,161
âª,77,153
gdminformaticafoto,137,137
design,137,137
positano,132,133
interiors,130,132
interiorstyling,130,130
luxury,106,106
interiordesigner,99,99
homedecor,98,98
love,93,94
inspiration,92,92
interiordecorating,92,92
âªã,85,91
interior,90,91
modern,89,89
instadaily,86,87
italia,84,86
interiordesignideas,85,85
travel,81,83
homedecoration,82,82
whatitalyis,82,82
archilovers,77,80
homedesign,79,79
garden,78,78
summer,76,76
moderndesign,75,75
uniquedesign,74,74
fresh,73,73
hip,72,72
light,69,69
art,68,69
laughlandjones,67,68
health,63,65
ig_amalficoast,62,63
innovation,63,63
latuilealoup,62,63
instagram,61,62
avondaletravel,60,60
bespoke,55,55
igersitalia,54,55
food,54,54
frenchpottery,51,52
handmadepottery,51,51
bellezza,51,51
purepackage,50,50
browsingitaly,49,50
ig_italy,48,49
travelgram,49,49
nutrition,47,48
ig_campania,47,47
igersoftheday,46,46
purest,46,46
thetuscantravelista,46,46
ig_italia,43,44
london,43,44
madeinfranceã,41,42
instagood,42,42
arte,42,42
italia365,41,41
parisshopping,41,41
ladolcevita,40,41
skiing,39,40
italian_places,38,39
travelblog,38,39
skichalet,39,39
solocosebelle,39,39
pinterest,38,38
campania,38,38
ski,38,38
contemporaryart,38,38
bellaitalia,38,38
costieraamalfitana,38,38
makeeverydaybeautiful,37,37
luxuryinteriors,36,37
goodmorning,37,37
healthyliving,36,36
wellness,35,35
ig_salerno,35,35
italianstyle,34,34
healthy,33,34
estate,34,34
ericgoujou,34,34
fashiondiaries,33,33
salerno,33,33
sunset,32,32
madeinfrance,32,32
beautiful,31,31
cashmere,31,31
napoli,29,30
madeinitaly,30,30
beach,30,30
italymagazine,29,30
foodporn,30,30
beautifuldestinations,29,29
ig_napoli,29,29
incredibleindia,29,29
exhibition,29,29
tablesetting,26,28
chalet,27,28
foodie,28,28
apresannette,26,27
takemethere,27,27
theheavenofthehandmade,27,27
tmbcosmeticsurgery,27,27
fitness,26,26
artecontemporanea,26,26
exclusive,26,26
buongiorno,25,26
nyc,26,26
setthetable,26,26
balance,25,25
fun,23,25
passionpassport,24,24
tuscany,24,24
kitesurfing,24,24
alpine,24,24
carlacoulson,23,23
picoftheday,23,23
switzerland,23,23
parisishome,22,22
tuscanygram,21,22
capri,21,22
2016,21,21
fashion,21,21
sumisura,21,21
spring,20,20
artã,20,20
mostraã,20,20
venice,20,20
alps,19,19
ig_positano,19,19
unesco,19,19
travelchannel,19,19
streetphotography,19,19
artwork,19,19
blue,19,19
sartoriaitaliana,19,19
thepurepackage,18,18
sea,18,18
bohochic,18,18
breakfast,18,18
italygram,17,17
provencestyle,17,17
artist,17,17
tabletop,17,17
volgoitalia,16,17
lacremedelacreme,15,16
handmadeinfrance,16,16
travelphotography,16,16
vivopositano,16,16
elegance,16,16
milano,16,16
cosmeticsurgery,16,16
atlanticbeach,8,16
diet,16,16
naples,16,16
venetostyle,16,16
snow,15,16
dametraveler,16,16
alpineinteriors,16,16
france,16,16
unescoworldheritage,16,16
toronto,16,16
orange,16,16
maui,16,16
surfing,16,16
maiori,15,15
bohostyle,15,15
thankyou,15,15
passion,15,15
amazingview,15,15
livethedream,15,15
sartorialstyle,14,15
italy365,15,15
eventisalernoã,15,15
photography,15,15
india,13,14
colors,14,14
cooking,14,14
family,14,14
nofilter,14,14
curens,14,14
amalfigram,14,14
wood,14,14
wellbeing,14,14
cucinaitaliana,14,14
puglia,12,13
traveling,13,13
positivevibes,13,13
iloveflowers,13,13
weightloss,13,13
igersitaly,13,13
healthylifestyle,13,13
summer2017,13,13
delicious,13,13
palazzofruscione,13,13
culture,11,13
style,13,13
anitalianstory,13,13
tuscanybuzz,12,12
traveldeeper,12,12
bedroom,12,12
wine,12,12
architettura,12,12
beautifulview,12,12
onthetable,12,12
beachlife,12,12
entertaininginstyle,12,12
amalficoast_,12,12
sartorial,12,12
smallpartsofthesamepicture,6,12
travelitalianstyle,12,12
delivery,12,12
flowers,12,12
tailormade,12,12
eatclean,12,12
qualitymatters,12,12
adoro,12,12
happyme,12,12
monday,12,12
morning,12,12
myitaliansummer,12,12
palazzomezzocapo,11,11
rajasthan,11,11
elegant,11,11
view,11,11
fooddelivery,11,11
fodorstravel,11,11
motivation,11,11
home,11,11
tuscan,10,11
trulymodernbeauty,11,11
divinasecrets,11,11
fashiongram,11,11
wellnessawards,11,11
chic,11,11
instamood,11,11
ravello,11,11
praiano,11,11
takemeback,11,11
betuscan,11,11
meditation,11,11
chef,11,11
vegan,11,11
inlovewithbeauty,11,11
travelandleisure,11,11
nature,11,11
team,10,10
sun,10,10
weekend,10,10
collage,10,10
loveit,10,10
bellissimo,10,10
history,10,10
ruralfrance,10,10
textiles,10,10
instafood,9,10
florence,10,10
designerlife,10,10
instaitaly,10,10
italianfood,10,10
happiness,10,10
homemade,10,10
homemadefood,10,10
beachumbrellas,10,10
interiordesigners,10,10
beachphotography,10,10
darlingdaily,10,10
freedom,10,10
quantoseibellanapoli,10,10
makeeverydayspecial,10,10
huffpostgram,10,10
foodstyling,10,10
dog,10,10
littlestoriesofmylife,10,10
eatingwithasmile,10,10
autumn,10,10
traditionalhome,10,10
aspen,10,10
cilentocoast,9,9
mornings,9,9
patisserie,9,9
sunday,9,9
premio,9,9
instaartist,9,9
maison,9,9
painting,9,9
siena,9,9
verbier,8,9
livingroom,9,9
beachumbrella,9,9
gourmet,9,9
liveauthentic,9,9
armani,9,9
artesalerno,9,9
paris,9,9
goodvibes,9,9
cilento,9,9
tailoring,9,9
madetoorder,9,9
armanisilos,9,9
kitchen,9,9
paesaggi_campani,9,9
visitveneto,9,9
costieracilentana,9,9
giorgio,9,9
peace,9,9
sunshine,9,9
glutenfree,9,9
friends,9,9
luxuryhome,9,9
spiaggia,9,9
moderndesigns,9,9
detox,9,9
energy,9,9
selfie,9,9
decor,9,9
thatsdarling,8,8
amalfi,8,8
venetogram,8,8
workout,8,8
veneto,8,8
buonadomenica,8,8
travelinitaly,8,8
postibelli,8,8
buongiornocosã,8,8
eventisalerno,8,8
dtjax,8,8
chaletstyle,8,8
igersjax,8,8
iheartjax,8,8
cosebelle,8,8
lifestyle,8,8
countryside,8,8
ig_worldclub,8,8
ilovejax,8,8
ilovejaxsports,8,8
neptunebeach,8,8
travelawesome,8,8
primaveratiamo,8,8
ig_tuscany,8,8
goodvibesonly,8,8
mediterraneo,8,8
duval,8,8
cntturns7,8,8
morejax,8,8
ig_captures,8,8
livethelittlethings,8,8
ioscatto_napoli,8,8
bassanodelgrappa,8,8
hashtagitaly,8,8
downtownjax,8,8
relaxation,8,8
onlyinduval,8,8
happynewyear,8,8
sundayfunday,8,8
discoverjax,8,8
loves_united_campania,8,8
jaxlocals,8,8
explorejax,8,8
jaxfl,8,8
jaxbeach,8,8
jacksonvillefl,8,8
jax,8,8
onlyinjax,8,8
animalart,8,8
holiday,8,8
placetobe,8,8
904,8,8
authenticityiskey,8,8
fodorsonthego,8,8
luxurystyle,8,8
whatsgoodjax,8,8
dolcifattiincasa,8,8
photographerslife,8,8
mumbai,8,8
summerentertaining,7,8
summerinitaly,8,8
bespoketailoring,7,7
bespokewomen,7,7
healthystart,7,7
igers_salerno,7,7
livethebeat,7,7
yoga,6,7
styleoftheday,7,7
mediterranean,7,7
cntbestof7,7,7
cilentogram,7,7
blu,7,7
friday,7,7
easter,7,7
celebrate,7,7
igworldclub,7,7
healthyfood,7,7
goodstuff,7,7
lovemyjob,7,7
landscape,6,7
white,7,7
ootd,7,7
gallery,7,7
colour,6,7
tessutibelli,7,7
blog,7,7
fabric,7,7
dogsofinstagram,7,7
artlovers,7,7
yummy,7,7
plants,6,7
amalficoastã,7,7
coffeetime,7,7
eatwell,6,7
designer,5,7
lfw,7,7
firenze,7,7
flowerpower,7,7
wanderlust,7,7
recipes,7,7
winter,7,7
winetasting,7,7
sunny,7,7
amoilmiolavoro,7,7
rome,7,7
black,7,7
dolci,7,7
bodyboost,7,7
italiainunoscatto,7,7
italian_food,6,7
homesweethome,7,7
work,7,7
passione,7,7
the6ix,6,6
artenelpalazzo,6,6
healthychoice,6,6
dreambig,6,6
parisphotographer,6,6
villacimbrone,6,6
gold,6,6
vibes,6,6
bespokelife,6,6
dream,6,6
2018,6,6
colazioneitaliana,6,6
storia,6,6
lighting,6,6
hawaii,6,6
hotstuff,6,6
mostra,6,6
livefolk,6,6
ig_siena,6,6
vino,6,6
grateful,6,6
mondays,6,6
mondaymotivation,6,6
blackandwhitephotography,6,6
villa,6,6
innerpeace,6,6
dolcirisvegli,6,6
christmas,6,6
designforyourlife,6,6
loves_madeinitaly,6,6
aptware,6,6
tips,6,6
ny,6,6
instaitalia,6,6
shawl,6,6
workshopvisit,6,6
atrani,6,6
positivelife,6,6
sicily,6,6
skirts,6,6
stayhealthy,6,6
foodstagram,6,6
authentic,6,6
chocolate,6,6
italy_vacations,6,6
umbria,6,6
udaipur,6,6
luxurytravel,6,6
italian,6,6
italianbeach,6,6
aptwarepottery,6,6
lunch,6,6
mare,6,6
instagramers,6,6
loveyourself,6,6
paesaggi_salernitani,6,6
expressyourself,6,6
tbt,6,6
behindthescenes,6,6
bebrave,6,6
countryliving,6,6
summerstyle,6,6
traveltiptuesday,6,6
life,6,6
travelplanner,6,6
prettyinpink,6,6
igersveneto,6,6
prettycool,6,6
inspirational,6,6
party,6,6
summervibes,6,6
instadolci,6,6
designinspiration,5,5
venezia,5,5
happy,5,5
college,5,5
toscana,5,5
essentials,5,5
fabrics,5,5
trendsetter,5,5
verona,4,5
fashiondaily,5,5
bluesky,4,5
happybirthday,5,5
rip,5,5
sky,5,5
tuscanyexperience,5,5
sleep,5,5
boat,5,5
feedingtheeye,5,5
fashiondesigner,5,5
cosmeticdermatology,5,5
designers,5,5
springentertaining,5,5
sartoria,5,5
templi,5,5
saturdays,5,5
costierarte,5,5
tarte,5,5
traditional,5,5
gameday2018,5,5
seekinspirecreate,5,5
coolstuff,5,5
tradition,5,5
fullmoon,5,5
seredestate,5,5
tailoredclothing,5,5
ciaoproprio,5,5
chalets,5,5
cool,5,5
cushions,4,5
gratitude,5,5
tablescape,5,5
romantic,5,5
frenchhandmadepottery,5,5
stunning,5,5
romance,5,5
centrostorico,5,5
cosebuone,5,5
handmade,5,5
buongiornomondo,5,5
foodphotography,5,5
flowerstagram,5,5
roma,5,5
colorful,5,5
restaurant,5,5
positanocoast,5,5
pastry,5,5
lanes,5,5
healthyrecipes,5,5
avocado,5,5
awards,5,5
photooftheday,5,5
bafta,5,5
weekendvibes,5,5
baglovers,5,5
bags,5,5
italylife,5,5
waves,5,5
inthekitchen,5,5
artgallery,5,5
interiorstyle,5,5
interiorarchitecture,5,5
potteryfromlatuilealoup,5,5
instacilento,5,5
volgosiena,5,5
volgocampania,5,5
individualdesign,5,5
bedroomdecor,5,5
procida,5,5
project,4,5
provenceinparis,5,5
igitaly,4,5
winery,5,5
limitededition,5,5
ig_venice,5,5
luminariasandomenico2017,5,5
2017,5,5
mountains,5,5
museum,5,5
morningvibes,5,5
_ã,3,5
agropoli,5,5
memories,5,5
allaricerca,5,5
nightout,4,5
mantra,5,5
magical,5,5
ocean,5,5
loveitaly,5,5
paradise,5,5
withlove,5,5
orangestripes,5,5
paesaggisalernitani,5,5
paestum,5,5
archeologia,5,5
archeology,5,5
livewell,5,5
architecturaldesign,5,5
liveinspired,5,5
paleo,5,5
palette,4,5
winetime,4,5
igersofthedayã,5,5
peonies,5,5
recipe,5,5
ig_cilentocoast,5,5
homestyling,5,5
colorado,5,5
holidayinspo,5,5
vietrisulmare,5,5
blessed,5,5
stilllifephotography,4,4
artisanal,4,4
parisflowers,4,4
dolciinforno,4,4
artista,4,4
tramonto,4,4
hookipa,4,4
hometown,4,4
celebration,4,4
streetart,4,4
goodmorningpost,4,4
stripes,4,4
artporn,4,4
palazzozevallosstigliano,4,4
livelovelaugh,4,4
aregoladarte,4,4
chaletinteriors,4,4
architectural,4,4
historyofart,4,4
paia,4,4
biscuits,4,4
styling,4,4
stylish,4,4
charity,4,4
boho,4,4
winelover,4,4
discoverglobe,4,4
etsysellers,4,4
fatteamano,4,4
joy,4,4
pic3,4,4
pic2,4,4
kashmir,4,4
awesomeearth,4,4
awesome_pix,4,4
sorrento,4,4
caprilife,4,4
traveltuesday,4,4
carlacoulsonprints,4,4
exercise,4,4
labrador,4,4
autumn2017,4,4
parisã,4,4
horse,4,4
latuilealoupintheusa,4,4
authenticityiseverything,4,4
authenticity,4,4
springtime,4,4
leather,4,4
handcrafted,4,4
pasticceria,4,4
eatingwell,4,4
catsofinstagram,4,4
pastafrolla,4,4
passionedolci,4,4
travelblogger,4,4
divein,4,4
discoverearth,4,4
campaniaã,4,4
mondaymood,4,4
tea,4,4
milan,4,4
teatime,4,4
cleaneating,4,4
africa,4,4
country,4,4
affreschi,3,4
clientifelici,4,4
yogilife,4,4
mirror,4,4
modadonna,4,4
modernart,4,4
accessories,4,4
coolhunting,4,4
discover,4,4
cook,4,4
morningglory,4,4
thankful,4,4
contemporarydesign,4,4
coffee,4,4
concrete,4,4
zahahahid,4,4
blessings,4,4
thebestoffrenchcrafts,3,4
colazione,4,4
therealthing,4,4
repost,4,4
mumbai_igers,4,4
nendaz,4,4
tanzania,4,4
creatingbeauty,4,4
cittadarte,4,4
dinnerset,4,4
dinner,4,4
diningroom,4,4
happyhour,4,4
antioxidants,4,4
lovefood,4,4
rejuvenation,4,4
lovemylife,4,4
angle,4,4
womenswear,4,4
luxurylife,4,4
chocolatecake,4,4
relax,4,4
superfood,4,4
decorations,4,4
heritage,4,4
nutritious,4,4
christmastime,4,4
christmastree,4,4
alpinechalet,4,4
curtains,4,4
marykatrantzou,4,4
yellow,4,4
mediterraneansea,4,4
tableware,4,4
mediterraneanã,4,4
nephroticsyndromefoundation,4,4
smiling,4,4
mumbaidiaries,4,4
fioriovunque,4,4
sardinia,4,4
italianbreakfast,4,4
positanophototour,4,4
frenchtraditionalpottery,4,4
urbanart,4,4
water,4,4
italyiloveyou,4,4
postitfortheaesthetic,4,4
buongiornocosi,4,4
fruit,4,4
bespokestyle,4,4
velvet,4,4
seafood,4,4
italianrecipes,4,4
furnishings,4,4
vitality,4,4
interiorforyou,4,4
prp,4,4
instatraveling,4,4
weddingseason,4,4
skincare,4,4
interior_design,4,4
sidewalkart,4,4
fish,4,4
italy360,4,4
tuscanypeople,4,4
igersnapoliã,4,4
igersnapoli,4,4
goals,4,4
frenchhandmade,4,4
followyourheart,4,4
walkingaround,4,4
jaipur,4,4
foodlover,4,4
italymylove,4,4
business,4,4
ispirazionetime,4,4
beachdaze,4,4
banw2017,4,4
instahealth,4,4
safari,4,4
glow,4,4
bed,4,4
gonne,4,4
slowliving,4,4
sifnos,3,4
ig_procida,4,4
great,4,4
sabatosera,3,3
infinitypool,3,3
meaningfulgifts,3,3
helthclinic,3,3
relaxationmode,3,3
happyplace,3,3
nosugar,3,3
northshore,3,3
marilynmonroe,3,3
infini,3,3
placestobe,3,3
swimmingpool,3,3
swimming,3,3
sundays,3,3
lovewins,3,3
designprocess,3,3
loveyou,3,3
oman,3,3
sfgiants,3,3
lucisullarteã,3,3
heroes,3,3
lunchtime,3,3
sunnyday,3,3
luxuryfood,3,3
sunrise,3,3
gowithin,2,3
maciaoproprio,3,3
office,3,3
frenchtradition,3,3
deliveryservice,3,3
madonna,2,3
madonnari,3,3
ig_puglia,3,3
delhi,3,3
oaklandathletics,3,3
innerfreedom,3,3
magic,3,3
darlingweekend,3,3
makeeverydayextraordinary,3,3
makeeverydaysparkle,3,3
swim,3,3
serveware,3,3
fur,3,3
relaxing,3,3
furniture,3,3
ignoranza,3,3
saturdaynight,3,3
gipsychic,3,3
igitalia,3,3
moodboard,3,3
moodoftheday,3,3
cookingram,3,3
moon,3,3
sartorialelegance,3,3
goodnight,3,3
healing,3,3
consapevolezza,3,3
morningmood,3,3
thankyouuniverse,3,3
givingback,3,3
the6,3,3
competition,3,3
igers,3,3
comicon2016,3,3
morningwalk,3,3
igdaily,3,3
myfavorite,3,3
salernoã,3,3
mydogiscutest,3,3
colours,3,3
music,3,3
heliskiing,3,3
heaven,3,3
theflorentine,3,3
ig_vesuvio,3,3
ig_veneto,3,3
giftgiving,3,3
cucinachetipassa,3,3
miniskirt,3,3
tailored,3,3
newyear,3,3
furnituredesign,3,3
newdelhi,3,3
credici,3,3
sacredheart,3,3
sundaymood,3,3
creatingnuances,3,3
ig_toscana,3,3
protein,3,3
ilovegreen,3,3
tasty,3,3
metball2017,3,3
seastation,3,3
mia,3,3
cozy,3,3
countrystyle,3,3
genio,3,3
cotton,3,3
temple,3,3
mindfulness,3,3
getafterit,3,3
scenaridifede,3,3
natural,3,3
minimal,3,3
gift,3,3
cosmeticsurgeon,3,3
cosmeticplasticsurgery,3,3
minimale,3,3
sundaymorning,3,3
dinnertime,3,3
frenchstyle,3,3
lastagionedellamore,3,3
photographer,3,3
philanthropy,3,3
skirt,3,3
kitchendesign,3,3
kitchenlife,3,3
petitdejeuner,3,3
speechless,3,3
labellezzasalverailmondo,3,3
fiori,3,3
estate2016,3,3
rajasthandiaries,3,3
lamiacittã,3,3
ernestoesposito,3,3
latergram,3,3
floweraddict,3,3
endlesssummer,3,3
italianstylecaptured,3,3
patterned,3,3
srilanka,3,3
eleganzaneabbiamo,3,3
eleganza,3,3
patterndesign,3,3
leathergoods,3,3
pathofthegods,3,3
fittings,3,3
italianpastry,2,3
leggerezza,3,3
italiangirl,3,3
halloween,3,3
rooftop,3,3
spa,3,3
southitaly,3,3
feedingthesoul,3,3
feedingtheeyeswithbeauty,3,3
pizza,3,3
quantaseibellanapoli,3,3
pinklover,3,3
fatehprakashpalace,3,3
jeunefilleenfleur,3,3
pink,3,3
slowcashmere,3,3
hahid,3,3
fibre,3,3
farm,3,3
pyronixproduction,3,3
solocosebuone,3,3
quotes,3,3
plans,3,3
fallentertaining,3,3
fall,3,3
facetoface,3,3
fabulous,3,3
keepsmiling,3,3
plantbased,3,3
kent,3,3
hotel,3,3
exposedconcrete,3,3
fineartphotography,3,3
photographyworkshop,3,3
eathealthy,3,3
flowerdelivery,3,3
loves_italia,3,3
french18thcenturyinteriors,3,3
sicilia,3,3
shotoniphonex,3,3
fpescapes,3,3
shortbread,3,3
stylist,3,3
divinefeminine,3,3
reflection,3,3
posticinicarini,3,3
disegno,3,3
discovertuscany,3,3
sulemani,3,3
paesaggioitaliano,3,3
freelancedesign,3,3
paesaggi_campania,3,3
pasqua,3,3
lonelyplanet,3,3
paceinteriore,3,3
lookingforinspiration,3,3
smile,3,3
frenchcountryside,3,3
outfitoftheday,3,3
lovecolors,3,3
install,3,3
happyholidays,3,3
frenchroyalty,3,3
summertime,3,3
instagramersitalia,3,3
onthetableproject,3,3
stylegram,3,3
doglovers,3,3
graphicdesigner,3,3
interiores,3,3
stazionemarittima,3,3
ig_verona,3,3
italianbeauty,3,3
lifeinitaly,3,3
greens,3,3
simple,3,3
followme,3,3
stilllife,3,3
islandlife,3,3
portlanddesign,3,3
portraitparis,3,3
stone,3,3
dreamsdocometrue,3,3
dreamhouse,3,3
dreambigdreams,3,3
handmadebasket,3,3
ig_flowers,3,3
storiadellarte,3,3
panoramaditalia,3,3
positanoitaly,3,3
panorama,3,3
homeland,3,3
dolcichepassione,3,3
ig_milano,3,3
positanovibes,3,3
palazzofuscione,3,3
holisaloni,3,3
libridaleggere,3,3
lavacanzaitaliana,3,3
vicoequense,3,3
warm,3,3
christmasgiftideas,3,3
winestagram,3,3
adventure,3,3
yogavibes,3,3
basketweaving,3,3
tlpicks,3,3
buddha,3,3
armchair,3,3
arienzo,3,3
arcitecture,3,3
buildingyourdreams,3,3
vesuvio,3,3
buildingyourhome,3,3
archistar,3,3
topdoctor,3,3
chilling,3,3
vesuviocoast,3,3
upholstery,3,3
bedroominterior,3,3
chick,3,3
babygirl,3,3
wallpaper,3,3
cleanrecipes,3,3
wildlife,3,3
cleanrecipe,3,3
throwbacks,3,3
throwbackthursday,3,3
win,3,3
beautifulpottery,3,3
volgofirenze,2,3
breakfastlover,3,3
bluesea,3,3
breathtaking,3,3
aspenhighlands,3,3
askmewheretogo,3,3
cioccolatoovunque,3,3
cioccolato,3,3
timeless,3,3
babã,1,3
udaipurdiaries,3,3
cmhheli,3,3
bestoftheday,3,3
cane,3,3
billycorgan,2,3
worldsbest,3,3
travelconsultant,3,3
bakery,3,3
capodimonte,3,3
amalfi_coast,3,3
casualstyle,3,3
castle,3,3
amazing,3,3
banana,3,3
balcony,2,3
carnevale,3,3
travelling,3,3
villapignatelli,3,3
carrã,3,3
casadellafotografia,3,3
birthday,3,3
ceramica,2,3
alittlebeautyeveryday,3,3
webdesign,3,3
cheflife,3,3
baftas,3,3
aperitivo,3,3
chateauduchampdebataille,3,3
chateaudeversailles,3,3
charlesfaudreebook,3,3
cake,3,3
barca,3,3
chaletdesign,3,3
cakes,3,3
cetara,3,3
vintagestyle,3,3
vintagelinens,3,3
bankholiday,3,3
wishiwashere,3,3
tuscanyhills,3,3
biscotti,2,3
valledelleferriereamalfi,3,3
casacosenza,3,3
books,3,3
â¹,3,3
bondibeach,3,3
venetodigitale,3,3
vegetarian,3,3
beachhouse,3,3
beachdays,3,3
avedonthesupercat,3,3
veggie,3,3
thelodge,3,3
zaha,3,3
thesurfmd,3,3
borsebelle,3,3
bougainvilleas,3,3
venetissimo,3,3
gracethetable,2,2
louvre,2,2
cambodia,2,2
skyporn,2,2
lovebaking,2,2
fillers,2,2
baglionihotel,1,2
calm,2,2
gramercypark,2,2
fineartprints,2,2
knowhow,2,2
finearttravelphotography,2,2
cakestagram,2,2
placetovisit,2,2
bontã,2,2
finest,2,2
hobisognodicoccole,2,2
tuscanylife,2,2
fioribelli,2,2
grey,2,2
loveisintheair,2,2
tuscanstyle,2,2
smiles,2,2
lovemywork,2,2
rusticchic,2,2
birthdaycake,2,2
ready,2,2
snack,2,2
smoothie,2,2
realisbeautiful,1,2
greenliving,2,2
feelgood,2,2
plasticsurgery,2,2
openfire,2,2
itsthelittlethings,2,2
plasticsurgeon,2,2
rebirth,2,2
bongiorno,2,2
felicitã,2,2
loveitalianfood,2,2
lafelicitã,2,2
biscottialburro,2,2
loveislove,2,2
gourmetdelivery,2,2
plant,2,2
jaipurigers,2,2
sartorialbag,2,2
velvetbags,2,2
fire,2,2
floralart,2,2
gothic,2,2
hike,2,2
outfits,2,2
reflections,2,2
velluto,2,2
florist,2,2
veggies,2,2
ownyourlife,2,2
placestovisit,2,2
placestogo,2,2
lamiapace,2,2
kitefoiling,2,2
longevity,2,2
places_wow,2,2
lonelyplanettraveller,2,2
flowerlovers,2,2
pet,2,2
regram,2,2
rejuvenate,2,2
twofoxesfarmette,2,2
floral,2,2
fleamarketfinds,2,2
vibesdontlie,2,2
placetolive,2,2
skinhydration,2,2
skinhealth,2,2
feathers,2,2
tuscanylifestyle,2,2
lakepichola,2,2
jaipurjewellery,2,2
caffã,2,2
fisherman,2,2
fit,2,2
tuscanylovers,2,2
flash,2,2
louisxiv,2,2
skichalets,2,2
fitting,2,2
fittingdays,2,2
himachalpradesh,2,2
orvieto,2,2
osteriafrancescana,2,2
flag,2,2
himachal,2,2
feature,2,2
sneakpeek,2,2
autumnleaves,2,2
exploremore,2,2
italybeach,2,2
greekislands,2,2
hot,2,2
spaccanapoli,2,2
biglove,2,2
treats,2,2
italyfood,2,2
oldschooldecoration,2,2
explore,2,2
oldstyle,2,2
lucknowtimes,2,2
capriawards,2,2
green,2,2
lucknow,2,2
capriisland,2,2
bonjour,2,2
andamanandnicobar,2,2
southafrica,2,2
horserace,2,2
exteriordesign,1,2
roses,2,2
soup,2,2
traveltheworld,2,2
italy_places,2,2
exciting,2,2
wonderful,2,2
casa,2,2
poeriorooms,1,2
greek,2,2
macramã,2,2
estatetiamo,2,2
italianvilla,2,2
spiaggiagrande,2,2
carnival,2,2
weddings,2,2
krugernationalpark,2,2
luxuryrealestate,2,2
luxurylifestyle,2,2
weddingstylist,1,2
greece,2,2
wonders,2,2
pochette,2,2
rosã,1,2
greatshotz,2,2
everydaymumbai,2,2
hotels,2,2
rainbow,2,2
sorrentocoast,2,2
italyfoodporn,2,2
feast,2,2
graphicdesign,2,2
oneoffs,2,2
farmtotable,2,2
fascinating,2,2
fascinoantico,2,2
tripadvisor,2,2
hometownlove,2,2
weekendfun,2,2
fashiondesign,2,2
billcunningham,2,2
homesweetandcomfortablehome,2,2
sofa,2,2
olympic,2,2
socialmedia,2,2
raw,2,2
readerstravelawards,2,2
italytravel,2,2
venerdi,2,2
fattoamano,2,2
trulymodernwomen,2,2
flowertherapy,2,2
fbf,2,2
reading,2,2
bakegram,2,2
oneofakinddinnerplate,2,2
farehealthy,2,2
faraglioni,2,2
trees,2,2
om,2,2
andamans,2,2
facelift,2,2
omantourism,2,2
womenstyle,2,2
baking,2,2
andywarhol,2,2
labradorretriever,2,2
plovdiv,2,2
famiglia,2,2
trends,2,2
rumi,2,2
ranunculus,2,2
onelove,2,2
lovethyself,2,2
trentova,2,2
oneofakind,2,2
lacanche,2,2
familytime,2,2
sole,2,2
blackberry,2,2
bynight,2,2
blackisthenewblack,2,2
whitewine,2,2
welltraveled,2,2
julietclub,2,2
bridge,2,2
furore,2,2
happysunday,2,2
goddess,2,2
g2gultra,2,2
selfcare,2,2
windstarcruises,2,2
verilymoment,2,2
authenticliving,2,2
rockthelook,2,2
aspenhighlandsbowl,2,2
seekingpeace,2,2
santachiara,2,2
piazzadelcampo,2,2
ganga,2,2
ganges,2,2
risotto,2,2
breakfasttime,2,2
assam,2,2
assisi,2,2
baby,1,2
parissundays,2,2
simplicity,2,2
serate,2,2
ricettedellanonna,2,2
blueflag,2,2
friendly,2,2
lightdesign,2,2
bohofashion,2,2
friendship,2,2
friendshipgoals,2,2
friendstime,2,2
picoftheday_it,2,2
seratebelle,2,2
salute,2,2
richardbranson,2,2
september,2,2
parisnoir,2,2
lifewelltravelled,2,2
lifewelltraveled,2,2
fuel,2,2
autunno,2,2
artlover,2,2
selfrealization,2,2
parispopup,2,2
rockthenight,2,2
lettureserali,2,2
gardens,2,2
letture,2,2
hapiness,2,2
brandnew,2,2
giftideas,2,2
wholefoods,2,2
saturdayvibes,2,2
brandingdesign,2,2
valentines,2,2
valentinesday,2,2
patina,2,2
pdx,2,2
sardegna,2,2
awardwinning,2,2
ristorante,2,2
wewalkforwilson,2,2
handmadeinfranceã,2,2
gipsy,2,2
vamosabailar,2,2
sartorialmatters,2,2
sartorialist,2,2
girls,2,2
sartoriagram,2,2
sartorialism,2,2
sartorialinspo,2,2
branson,2,2
happinessishere,2,2
keepongoing,2,2
pasticceriaitaliana,2,2
seaside,2,2
windows,2,2
kathmandu,2,2
goadiaries,2,2
letgo,2,2
goa,2,2
vacanzetoscane,2,2
passionplanner,2,2
lesirenuse,2,2
piazza,2,2
pasta,2,2
happyday,2,2
whatdreamsaremadeof,2,2
brave,2,2
valdisere,2,2
getinspired,2,2
leiths,2,2
phototag_it,2,2
vatican,2,2
atmosferamagica,2,2
happy4thofjuly,2,2
brocade,2,2
lastagionecheamo,2,2
peccatidigola,2,2
bollicine,2,2
romantica,2,2
archi,2,2
palace,2,2
siemreap,2,2
buonanotte,2,2
blogger,2,2
piramide,2,2
formanpictureframing,2,2
gulmarg,2,2
saggezza,2,2
buonacena,2,2
unavitanonbasta,2,2
foto_napoli,2,2
showroom,2,2
bulgaria,2,2
architecturalphotography,2,2
gym,2,2
huffpostwomen,2,2
fphowwe,2,2
fphowwemeditate,2,2
fpletsmove,2,2
penisolasorrentina,2,2
power,2,2
foodprep,2,2
baccarat,2,2
foodpics,2,2
padovacity,2,2
focus,2,2
pattern,2,2
wisdom,2,2
folkgood,2,2
herbs,2,2
blanket,2,2
relaxationtime,2,2
veterans,2,2
foodandwine,2,2
silenzio,2,2
relaxtime,2,2
locarno68,2,2
foodgasm,2,2
silence,2,2
apples,2,2
goodness,2,2
baftalondon,2,2
foodlovers,2,2
foodography,2,2
april,2,2
salad,2,2
romano,2,2
ricercatessuti,2,2
gondola,2,2
limone,2,2
johnfitzgeraldkennedy,2,2
artgram,2,2
frenchterrine,2,2
ricerca,2,2
parisdecooff2017,2,2
seychelles,2,2
parisevening,2,2
parisfleamarket,2,2
freshfoods,2,2
settingthetable,2,2
pioggia,2,2
like4like,2,2
parisflorist,2,2
artigianato,2,2
ricercainteriore,2,2
fridaygotmelike,2,2
hamburger,2,2
fridaymood,2,2
fridaynight,2,2
fridays,2,2
golfodinapoli,2,2
artbook,2,2
arsenaledellarepubblica,2,2
frenchfolkart,2,2
linen,2,2
rest,2,2
livehealthy,2,2
frasibelle,2,2
bold,2,2
blossoms,2,2
palio,2,2
gonnaapieghe,2,2
veneto_super_pics,2,2
winetours,2,2
ship,2,2
freelancer,2,2
freepeople,2,2
restylane,2,2
palmtrees,2,2
pancakes,2,2
french18thcenturyfurniture,2,2
healthyeating,2,2
retreats,2,2
blueandwhite,2,2
uncaffealgiorno,2,2
frenchcountry,2,2
fpgather,2,2
old,2,2
greekisland,2,2
_prettylittleitaly,2,2
metamorfosi,2,2
nepal,2,2
nephcurefamilylove,2,2
spongecake,2,2
morningmotivation,2,2
portraits,2,2
tessutiitaliani,2,2
believeinyourself,2,2
invinoveritas,2,2
sunsetã,2,2
bellavita,2,2
portraitphotography,2,2
pugliaphotographyworkshop,2,2
igersvenezia,2,2
chissenefrega,2,2
dermatology,2,2
bellezzeitaliane,2,2
chiostro,2,2
new,2,2
pugliarocks,2,2
topchef,2,2
chocolatelover,2,2
metamorfosiartgallery,2,2
portraitphotographer,2,2
coral,2,2
waterfall,2,2
beachbeds,2,2
instalove,2,2
potteryfromprovence,2,2
afternoon,2,2
inspiredaily,2,2
surfsup,2,2
decorativearts,2,2
chocolatetherapy,2,2
waterfallporn,2,2
vitadimare,2,2
myhappyplace,2,2
morninglight,2,2
deeptemerity,2,2
negozioonline,2,2
iliveinparis,2,2
dejeneur,2,2
positanobeach,2,2
waterjungle,2,2
morninglikethese,2,2
believeinyourdreams,2,2
chillin,2,2
igerssiena,2,2
inspirationseeker,2,2
summermood,2,2
diablo,2,2
pugsofinstagram,2,2
prayforparis,2,2
portland,2,2
dicembre,2,2
coccoletime,2,2
summerinthecountryside,2,2
cookingtime,2,2
chianti,2,2
tortamorbida,2,2
island,2,2
meditazioni,2,2
instalike,2,2
summeressentials,2,2
meditazione,2,2
textures,2,2
walking,2,2
cheronissosbeach,2,2
newyork,2,2
insta_palio,2,2
chefsofinstagram,2,2
pugsnotdrugs,2,2
meeting,2,2
sundayvibes,2,2
coats,2,2
invitadaperfecta,2,2
children,2,2
igerssalerno,2,2
igersprocida,2,2
myhappymoments,2,2
walkingwiththewounded,2,2
memorialday,2,2
belmondpostcards,2,2
inspiredsoul,2,2
torta,2,2
prayforparisã,1,2
tortaalcioccolato,2,2
iononmicapisco,2,2
belove,2,2
inspiring,2,2
barpitti,2,2
newstart,2,2
visitumbria,2,2
coolhunter,2,2
igersiena,2,2
devigarh,2,2
tistheseason,2,2
inspirations,2,2
disciplina,2,2
prettythings,2,2
montignano,2,2
instatravel,2,2
takingabreak,2,2
moltoporn,2,2
takeover,2,2
bayareaevents,2,2
creativexploration,2,2
natale,2,2
natale2016,2,2
cottage,2,2
citazioni,2,2
takemeaway,2,2
crescitapersonale,2,2
primavera,2,2
cosy,2,2
voile,2,2
vogue,2,2
instatuscany,2,2
moderation,2,2
beautifulgardens,2,2
wanderlustwednesday,2,2
cittaditalia,2,2
city,2,2
throwback,2,2
cleanliving,2,2
mondayvibes,2,2
couture,2,2
beautifulplace,2,2
innerwisdom,2,2
thursdays,2,2
teamcallawaylove,2,2
yogurt,2,2
mondaymorning,2,2
instaselfie,2,2
mongolian,2,2
beautifulplaces,2,2
monopoli,2,2
craftsmanship,2,2
taverna,2,2
cityoflove,2,2
pretty,2,2
monasterosantachiara,2,2
bbq,2,2
tiffany,1,2
prettylittleitaly,2,2
inscioltezza,2,2
battleofthebay,2,2
presence,2,2
december,2,2
cosiã,2,2
tipicficusbar,2,2
imagination,2,2
sweets,2,2
ilsanpietrodipositano,2,2
yogilifestyle,2,2
yogi,2,2
dancolen,2,2
bastapocoperesserefelici,2,2
iloveyou,2,2
bassanocity,2,2
moreismoredecor,2,2
affreschimedievali,2,2
day,2,2
waterbaby,2,2
dayoff,2,2
sushi,2,2
internationalwomensday,2,2
decadence,1,2
begrateful,2,2
cosecheamo,2,2
thisismyface,1,2
tipical,2,2
moreismore,2,2
modellistica,2,2
swiss,2,2
bedroomdesign,2,2
independenceday,2,2
cioccolatobianco,2,2
cincin,2,2
yum,2,2
tabletopmatters,2,2
cuorenapoli,2,2
cielo,2,2
batticuore,2,2
moda,2,2
tablesdexception,2,2
church,2,2
cushion,2,2
positiveenergy,2,2
productdesign,2,2
clutchbag,2,2
bathroomdecor,2,2
table,2,2
cute,2,2
sã,2,2
bathroom,2,2
cookingcourse,2,2
texture,2,2
nuances,2,2
ig_capri,1,2
bethechange,2,2
easterentertaining,2,2
quality,2,2
makesmesmile,2,2
travelconcierge,2,2
bethelight,2,2
staypositive,2,2
instacoffee,2,2
catstagram,2,2
traveler,2,2
italianjoy,2,2
nyfw,2,2
thebestfromlatuilealoup,2,2
stayfit,2,2
staybaked,2,2
museo,2,2
stayactive,2,2
eatright,2,2
nyfw2017,2,2
makeinindia,2,2
travelingram,2,2
makingastatement,2,2
mountainbike,2,2
instacake,2,2
bestvacations,2,2
dreamteam,2,2
alpinepottery,2,2
dressedup,2,2
dresses,2,2
dressingroom,2,2
coffeeplease,2,2
nsf,2,2
thermage,2,2
poolside,2,2
stmary,2,2
manifest,2,2
theartofslowliving,2,2
comfortzone,2,2
cena,2,2
mammaagata,2,2
volgotoscana,1,2
celebrations,2,2
stilista,2,2
stileitaliano,2,2
earthday,2,2
earthquake,2,2
eatwelllivewell,2,2
starterpack,2,2
italianlandscape,2,2
eccomi,2,2
move,2,2
hydration,2,2
endofholidays,2,2
italianprincess,2,2
traveller,2,2
springlove,2,2
springisintheair,2,2
rabbitlove,2,2
mozzarella,2,2
colleagues,2,2
mtb,2,2
entertainingwithstyle,2,2
madetolove,2,2
epic,2,2
mumbairains,2,2
offer,2,2
casaebottega,2,2
amichebelle,2,2
raccoglimento,2,2
instafashion,2,2
oggicosã,2,2
springtimeinthecountry,2,2
amerfort,2,2
mountainscape,2,2
elephant,2,2
italianlandscapes,2,2
eclipse,2,2
queen,2,2
ideas,1,2
stairs,2,2
pomeriggicosã,2,2
nytimestravel,2,2
casualchic,2,2
maiunagioia,2,2
elephants,2,2
mag,2,2
workofart,2,2
maintenon,2,2
srinagar,2,2
nytimestravelshow,2,2
nytts,2,2
ibiza,1,2
volgotuscany,2,2
instacool,2,2
magazine,2,2
thesix,2,2
courage,2,2
conca,2,2
masseriacimino,2,2
matrimonio,2,2
studio,2,2
thetuscangunoa,2,2
xviiiemesiecle,2,2
masterchef,2,2
doingresearch,2,2
massimobottura,2,2
strong,2,2
stripedskirt,2,2
thetuscangun,2,2
purdyinbloom,2,2
consciousness,2,2
martinafranca,2,2
cercandoispirazione,2,2
domenica,2,2
dreamscometrue,2,2
ceramicã,2,2
italian_trips,2,2
domenichecosã,2,2
marostica,2,2
motivational,2,2
italian_vacations,2,2
bespokelifestyle,2,2
prayer,2,2
tower,2,2
ig_tuscany_,2,2
cheers,2,2
visitbassano,2,2
alkaline,2,2
cookies,2,2
bari,2,2
nightlife,2,2
me,2,2
charlesfaudree,2,2
divinaday,2,2
bespokedesign,2,2
cookbook,2,2
nightvibes,2,2
pool,2,2
bespokefashion,2,2
diving,2,2
puppy,2,2
chanel,2,2
italia_super_pics,2,2
champion,2,2
mydog,2,2
tourist,2,2
bestintravel,2,2
instabaking,2,2
purplesky,2,2
musthave,2,2
coffeemood,2,2
ig_italia_,2,2
beachday,2,2
confiserie,2,2
storm,2,2
wow,2,2
almonds,2,2
storiaditalia,2,2
thanksgiving,2,2
dreamdestination,2,2
bandierablu,2,2
coffeelover,2,2
maremmastyle,2,2
maremmatheplacetobe,2,2
notfun,2,2
vintage,2,2
bandiera,2,2
storytelling,2,2
stpatricksday,2,2
dontcallmeillcallyou,2,2
ig_photooftheday,2,2
marinedrive,2,2
pranzo,2,2
november,2,2
marbleware,2,2
doors,2,2
worldsfinest,2,2
italianclassic,2,2
pontevecchio,2,2
whatsnew,1,1
walk,1,1
westmauis,1,1
photographyworkshopitaly,1,1
potteryforthetable,1,1
postcardoftheday,1,1
powder,1,1
postcardsfromtheworld,1,1
westvirginia,1,1
perpassione,1,1
powdersnow,1,1
photo,1,1
personaltailoring,1,1
personaltraining,1,1
whereishe,1,1
wgoa,1,1
potteryfromsavoy,1,1
whatsicilyis,1,1
pesce,1,1
petitsac,1,1
photographysouls,1,1
peterlonghi,1,1
perugia,1,1
walkinwardrobe,1,1
wallart,1,1
photographyteaches,1,1
postindustrial,1,1
photographymentor,1,1
personsbestfriend,1,1
wakeup,1,1
personalbrandingparis,1,1
pets,1,1
walnut,1,1
personalizzato,1,1
personalbranding,1,1
what,1,1
pounding,1,1
petitdelice,1,1
petsofinstagram,1,1
potofgold,1,1
wheatfree,1,1
weddingdecor,1,1
photoshoot,1,1
wearredday,1,1
platedskirt,1,1
plate,1,1
weekendinthecountry,1,1
planter,1,1
weekendmood,1,1
pontedilegno,1,1
weekendrelaxation,1,1
planningtime,1,1
planningabirthday,1,1
pontevecchiobridge,1,1
weekendretreat,1,1
planner,1,1
placevendome,1,1
pontevecchiodibassano,1,1
pizzo,1,1
wearetravelgirls,1,1
pooh,1,1
placetosee,1,1
weft,1,1
wealth,1,1
wayoflife,1,1
poolparty,1,1
placeswow,1,1
pooltable,1,1
pooltime,1,1
poolwithaview,1,1
placemat,1,1
wave,1,1
plateletrichplasma,1,1
pontedibassano,1,1
pontedeglialpini,1,1
ponpon,1,1
poet,1,1
weddingdresses,1,1
pocketsquare,1,1
pochettedesoiree,1,1
weddingintuscany,1,1
poetry,1,1
pointbreak,1,1
policeman,1,1
polignanoamare,1,1
pobitorawildlifesanctuary,1,1
political,1,1
weddingtime,1,1
politicalpost,1,1
pobitora,1,1
pomeridiani,1,1
plumjam,1,1
weekendcooking,1,1
pommes,1,1
weddinganniversary,1,1
pomodoro,1,1
wedding,1,1
pleasestopraining,1,1
playroom,1,1
pompeii,1,1
pompeiiruins,1,1
playing,1,1
plateletstimulation,1,1
pizzoitaliano,1,1
popular,1,1
phytonutrients,1,1
wardrobe,1,1
picturesinpictures,1,1
positanotown,1,1
watchthisspace,1,1
watchmaking,1,1
washington,1,1
warmth,1,1
pictureoftheday,1,1
warmcolor,1,1
warmbythefire,1,1
picnictime,1,1
picnic,1,1
weloveourjob,1,1
pic1,1,1
pic,1,1
pizzatime,1,1
piazzasanmarco,1,1
positiveliving,1,1
piazzaplebiscito,1,1
piazzagaribaldi,1,1
piazzadegliscacchi,1,1
positivenergy,1,1
positivethinking,1,1
piazzabrera,1,1
westmaui,1,1
possiamofarcela,1,1
postadigiulietta,1,1
piantegrasse,1,1
pianodisorrento,1,1
pie,1,1
pierpaolo,1,1
pinacotecadibrera,1,1
positanolove,1,1
porcelainedechantilly,1,1
pizzalover,1,1
pizzainteglia,1,1
watertaxi,1,1
portlandviews,1,1
pittiimmagine,1,1
pittiesmile,1,1
wehaughery,1,1
weimarener,1,1
portraitmood,1,1
waterman,1,1
piquedemarseille,1,1
pipandnut,1,1
pioggianontitemo,1,1
portraitã,1,1
pinvalley,1,1
welcometomyhome,1,1
pinkvibes,1,1
pinkpalette,1,1
positanoblue,1,1
wellbehaved,1,1
positanodoors,1,1
pinkispunk,1,1
welldone,1,1
pinkflowers,1,1
watercolor,1,1
wellnesawards,1,1
portraitworkshop,1,1
wintergoaway,1,1
periodidipassaggio,1,1
nocelle,1,1
nicethings,1,1
nicolekidman,1,1
night,1,1
nightandday,1,1
nightnight,1,1
yallersitalia,1,1
nightview,1,1
niravmodi,1,1
nizza,1,1
nocarne,1,1
yachts,1,1
nochebuena,1,1
newyorktimestravelshow,1,1
nofears,1,1
noguilt,1,1
nolimits,1,1
nomaskneeded,1,1
xmas,1,1
nomore,1,1
nomorepandaeyes,1,1
nomorewords,1,1
nonsochefare,1,1
nonsolodolci,1,1
nonsurgicaleyelift,1,1
nice,1,1
newyorkersdoitbest,1,1
nopassionenoparty,1,1
newingredients,1,1
nevergiveup,1,1
nevergiveuponyourdreams,1,1
newbabyinthefamily,1,1
newbeginnings,1,1
newborn,1,1
newcollagen,1,1
newcollection,1,1
yogaeverywhere,1,1
newflavours,1,1
yogaeveryday,1,1
newideas,1,1
newlook,1,1
newyearsintentions,1,1
newskin,1,1
newstuff,1,1
newweek,1,1
newyeanewyou,1,1
yogaeveryblessedday,1,1
newyear2017,1,1
yogadaily,1,1
ygngstudio,1,1
yeshuffpost,1,1
yellowlove,1,1
newyearseve,1,1
nopainnogain,1,1
norihubs,1,1
neverforget911,1,1
oceanthemed,1,1
nytimes,1,1
workoutdone,1,1
workinprogress,1,1
oakframe,1,1
workingonsunday,1,1
oat,1,1
oberoinewdelhi,1,1
workingonasunday,1,1
obssessedwithexcellentcraftsmanship,1,1
workingdogwinery,1,1
oceanlove,1,1
workhardplayhard,1,1
nymoment,1,1
oceanthemedpottery,1,1
oggiciaoproprio,1,1
workhard,1,1
wordsofwisdom,1,1
words,1,1
ogni,1,1
ognigiornocosã,1,1
woowoo,1,1
ohcanada,1,1
ohcanadaã,1,1
oils,1,1
workshops,1,1
workspace,1,1
normanloveconfections,1,1
nowsurfingandkitesurfing,1,1
northeastindia,1,1
wowmoment,1,1
nosides,1,1
nostalgia,1,1
notassisting,1,1
notcopied,1,1
nourishing,1,1
novampiresallowed,1,1
novelty,1,1
noword,1,1
nowords,1,1
nude,1,1
world,1,1
nudepink,1,1
nun,1,1
nuns,1,1
nunsense,1,1
nuoveidee,1,1
nursery,1,1
nutbutter,1,1
worldpeace,1,1
nuts,1,1
worldofwisdom,1,1
worldelephantday,1,1
nevergetsold,1,1
nero,1,1
whereistand,1,1
mymuse,1,1
myhealthylife,1,1
yummyfood,1,1
myhomeisthereflectofmysoul,1,1
myitalianfamily,1,1
yummmm,1,1
yummilicious,1,1
myleontine,1,1
youcreateyourreality,1,1
mylife,1,1
mylifeinparis,1,1
yongest,1,1
myplace,1,1
yusufislam,1,1
mysteries,1,1
mysterious,1,1
myweekofstilllife,1,1
myyogalife,1,1
namaste,1,1
yolanda,1,1
yogiteaworld,1,1
nananegozi,1,1
naomicampbell,1,1
yogiteawisdom,1,1
yogiteatime,1,1
myhappysummer,1,1
myhappylife,1,1
napoli_da,1,1
zucca,1,1
âºã,1,1
mumbaigram,1,1
mumbaimonsoons,1,1
mumbaisunset,1,1
mummy,1,1
murmrrtheatre,1,1
â³,1,1
murtylibrary,1,1
museoarcheologico,1,1
museocivicodisantacaterina,1,1
zucchini,1,1
musicians,1,1
myhappyframe,1,1
muted,1,1
zermatt,1,1
myagathaexperience,1,1
zen,1,1
zarawoman,1,1
zaradaily,1,1
zanzibar,1,1
myfavoritekind,1,1
mygreekislandhome,1,1
zambiatourism,1,1
zambia,1,1
yogiteaquotes,1,1
napolicoast,1,1
neriage,1,1
neapolis_moph,1,1
naturalliving,1,1
naturalpark,1,1
naturalremedies,1,1
naturalskincare,1,1
yogananda,1,1
naturecreation,1,1
navona,1,1
yogalover,1,1
yogalife,1,1
navyblue,1,1
ndtvgoodtimes,1,1
neck,1,1
nationalvegetarianweek,1,1
needavacay,1,1
negativespace,1,1
negativetopositive,1,1
nekmaxrenga,1,1
yogajourney,1,1
nelbludipintodiblu,1,1
yogaismagic,1,1
nephcuredanville,1,1
yogainspiration,1,1
yogagram,1,1
nere,1,1
naturalinteriors,1,1
nationalpuppyday,1,1
napolipix,1,1
nationalbikiniday,1,1
napoliproject,1,1
naptime,1,1
nasa,1,1
nascondino,1,1
yogiteamessage,1,1
yogiteainspiration,1,1
yogiteaeveryday,1,1
yogiteaeurope,1,1
natalealleporte,1,1
natalenellaria,1,1
nationalbeerday,1,1
nationalbrownieday,1,1
nationalpumpkinday,1,1
nationalday,1,1
yogitea,1,1
nationaldogday,1,1
nationaldonutday,1,1
nationaldrinkwineday,1,1
nationalearthday,1,1
nationalearthnight,1,1
nationalmoonday,1,1
nationalpicnicweek,1,1
yogislife,1,1
nationalpinacoladaday,1,1
woodwork,1,1
woodpecker,1,1
wooden,1,1
passionepasticceria,1,1
paroleecaffã,1,1
partenopea,1,1
partner,1,1
partners,1,1
partyoftheyear,1,1
pasquainfamiglia,1,1
pasquetta,1,1
pasquetta2015,1,1
pasquetta2017,1,1
windowseat,1,1
passionecarlino,1,1
passionforbaking,1,1
parole,1,1
window,1,1
passionpourlamode,1,1
wind,1,1
pastafrollacacao,1,1
pastelcolors,1,1
pastelpink,1,1
pastels,1,1
pasticceriachepassione,1,1
pastiera,1,1
wildspirit,1,1
patata,1,1
windsurfing,1,1
parkhyattgoa,1,1
wildlifesanctuary,1,1
parisapartment,1,1
pandastyle,1,1
pandispagna,1,1
pane,1,1
panels,1,1
panierperigourdin,1,1
winetouring,1,1
paolosandulli,1,1
paramahansayogananda,1,1
paramhansayogananda,1,1
paranza,1,1
winetherapy,1,1
parisdecooff,1,1
parkhyatt,1,1
parisiloveyou,1,1
parisinthedesert,1,1
winesofinstagram,1,1
parisjetaime,1,1
parislife,1,1
wineoclock,1,1
winelovers,1,1
parispopupstore,1,1
winecountryliving,1,1
parisstreet,1,1
winecountry,1,1
pathofgods,1,1
patient,1,1
oilyfish,1,1
peoniesaremyfavorite,1,1
penne,1,1
whiteflowers,1,1
pensieri,1,1
pensierifelici,1,1
whitedesign,1,1
pensierini,1,1
peonia,1,1
peonie,1,1
peonieinfiore,1,1
whitechristmas,1,1
whitechocolate,1,1
peony,1,1
penguinbooks,1,1
people,1,1
peopleandspacesworkshop,1,1
perception,1,1
percorsidicrescita,1,1
whitecarpet,1,1
perfect,1,1
perfectcolor,1,1
perfectselfexpression,1,1
whippedcream,1,1
performance,1,1
perigordbasket,1,1
penguinindia,1,1
pelleitaliana,1,1
patisseriemonamour,1,1
whole,1,1
wildflowers,1,1
patisseriepassion,1,1
wifredolamã,1,1
patronsaint,1,1
whwf,1,1
whomadethis,1,1
patterninspiration,1,1
patterns,1,1
paulkremer,1,1
pausastudio,1,1
peaceful,1,1
peaceofmind,1,1
pelle,1,1
peaceplease,1,1
peach,1,1
whitesand,1,1
peaches,1,1
peachpalette,1,1
whiteroom,1,1
pearsonairport,1,1
pecorino,1,1
pecorinotoscano,1,1
peeps,1,1
pehelgam,1,1
pancakeporn,1,1
palladio,1,1
palio2017,1,1
ootdshare,1,1
ontario,1,1
womeninbusiness,1,1
onthebeach,1,1
onthego,1,1
ontheroad,1,1
womenfashion,1,1
womenawake,1,1
women,1,1
womanwithalute,1,1
oops,1,1
woman,1,1
opera,1,1
onomastico,1,1
operahouse,1,1
oprah,1,1
options,1,1
wolverine,1,1
oradicena,1,1
wolfferestate,1,1
witness,1,1
withyou,1,1
orangeisthenewblack,1,1
withallmyheart,1,1
orbitalhollows,1,1
womensday,1,1
womensfashion,1,1
wineyards,1,1
olive,1,1
wonderfulplaces,1,1
wonderful_places,1,1
oldbeauty,1,1
oldbooks,1,1
oldbridge,1,1
oldfashioned,1,1
wonder,1,1
womenwholovewine,1,1
womenswisdom,1,1
oldschooldecor,1,1
oldtown,1,1
omega,1,1
womenshealth,1,1
omersa,1,1
omnamahshivaya,1,1
womenstuff,1,1
onedesignaday,1,1
onelife,1,1
oneofakindpottery,1,1
oneshotgeorge,1,1
oneteamonedream,1,1
oneyear,1,1
oneyearago,1,1
womenshealthuk,1,1
orchidea,1,1
withaeroplan,1,1
orchids,1,1
paintings,1,1
paesaggi_italiani,1,1
paesaggi_napoletani,1,1
winterveg,1,1
paesaggiitaliani_official,1,1
paesagginapoletani,1,1
wintersun,1,1
winteroast,1,1
pagani,1,1
winterlooks,1,1
paillettes,1,1
paillettesdorã,1,1
wintergardening,1,1
orchisitalica,1,1
palaisroyal,1,1
palazzoavino,1,1
palazzobarberini,1,1
winterfood,1,1
palazzomaldura,1,1
wintercoat,1,1
wintercat,1,1
winterarrived,1,1
paleofood,1,1
winner,1,1
wingsoffreedom,1,1
winterydinner,1,1
wintrytablescape,1,1
padovauniversity,1,1
padovaalfemminile,1,1
oregonexplored,1,1
organic,1,1
organicfarm,1,1
organicfood,1,1
orgoglioepregiudizio,1,1
oriental,1,1
originaltuscany,1,1
orleansfrance,1,1
outfitdelgiorno,1,1
outfitinspiration,1,1
wishingallasafeandhappyseason,1,1
outofmycomfortzone,1,1
outsidemywindow,1,1
oysters,1,1
pace,1,1
pacedeisensi,1,1
wishes,1,1
wisewords,1,1
packedbeach,1,1
packedtotherafters,1,1
paddle,1,1
padi,1,1
padova,1,1
waitforme,1,1
theitalyguide,1,1
powerful,1,1
spring2018,1,1
spices,1,1
spinach,1,1
spiritolibero,1,1
spiritual,1,1
travelphotographyworkshop,1,1
spiritualjourney,1,1
spiti,1,1
sport,1,1
sportstop,1,1
spreadlove,1,1
travelphotographytips,1,1
spring2017,1,1
spring2018inparis,1,1
soprabito,1,1
travelmodeon,1,1
springflower,1,1
springishere,1,1
springmood,1,1
springstyle,1,1
travelitianstyle,1,1
travelitaly,1,1
springtimeinparis,1,1
springveggies,1,1
springvibes,1,1
sproutedalmondfondant,1,1
sprouts,1,1
travelpics,1,1
spectacular,1,1
specialmoments,1,1
specialfriends,1,1
treeoflife,1,1
sordi,1,1
south,1,1
tree,1,1
southamerica,1,1
southernfrance,1,1
treatyourself,1,1
southfork,1,1
southgoa,1,1
treasurehunting,1,1
spaghetti,1,1
spain,1,1
traveltips,1,1
spanishsteps,1,1
travelstoke,1,1
sparkle,1,1
sparkling,1,1
sparklingbright,1,1
sparklingmode,1,1
sparkly,1,1
sparklysoul,1,1
speaker,1,1
travelsitaly,1,1
specialday,1,1
specialdelivery,1,1
squamouscellcarcinoma,1,1
squids,1,1
squishies,1,1
trattorialagriglia,1,1
stilllovehimtopieces,1,1
stlucy,1,1
stlucysday,1,1
stmoritz,1,1
trasparenze,1,1
stonefruittart,1,1
stonewash,1,1
stool,1,1
trapani,1,1
stopforparadise,1,1
stopforpictures,1,1
stoppoaching,1,1
tranquility,1,1
stopterrorism,1,1
storage,1,1
tranquil,1,1
tramontibelli,1,1
storageideas,1,1
tramonti,1,1
training,1,1
traiano,1,1
storiedellimpressionismo,1,1
storiedivita,1,1
stormriley2018,1,1
storyofmylife,1,1
stilllifewithpottery,1,1
traveladdict,1,1
travelista,1,1
travelagent,1,1
srilankatourism,1,1
sriyukteswar,1,1
srudio,1,1
ss18,1,1
travelinvenice,1,1
stag,1,1
stainedglass,1,1
stairway,1,1
standuppaddle,1,1
standuppaddlesurf,1,1
stargazing,1,1
start,1,1
startingoutasaphotographer,1,1
statechamp,1,1
travelguide,1,1
travelexpert,1,1
stayinside,1,1
stazionecentrale,1,1
step,1,1
steps,1,1
stfrancisofassisi,1,1
stgermaindespres,1,1
stiamocalmi,1,1
sticksoutforhumboldt,1,1
stiledivita,1,1
trek,1,1
sophiaterraziva,1,1
stpaddysday,1,1
tuttomoltofico,1,1
singapore,1,1
singaporeart,1,1
twinbeds,1,1
singaporeartmuseum,1,1
singingbowls,1,1
sion,1,1
tuxedo,1,1
mumbaifoodie,1,1
sisters,1,1
sittingroom,1,1
situbusit,1,1
situps,1,1
sketchbook,1,1
trendmood,1,1
sketching,1,1
tuttalavitacosi,1,1
tusciafotografia,1,1
tuscanywedding,1,1
tuscanystyle,1,1
skigear,1,1
skiinteriors,1,1
skiis,1,1
skincancer,1,1
skinmedica,1,1
skinpink,1,1
skintowin,1,1
twins,1,1
sindhinewyear,1,1
sincerely,1,1
typographydesign,1,1
siemreapcambodia,1,1
unavita,1,1
unattimodipace,1,1
unaperitivocivuole,1,1
unafinestrasulmare,1,1
unaallavolta,1,1
umbriatourism,1,1
sihaicapito,1,1
sihh,1,1
umbriagram,1,1
sihh2015,1,1
umbrella,1,1
silenzicheparlano,1,1
ultralight,1,1
uk,1,1
silenzipreziosi,1,1
uaenationalday,1,1
silly,1,1
simangia,1,1
simphony,1,1
uae,1,1
tã,1,1
simplelife,1,1
simplychic,1,1
sinceramente,1,1
skirtlover,1,1
skis,1,1
skiyouin2018,1,1
snacks,1,1
truelove,1,1
snowfall,1,1
snowflakes,1,1
snowgods,1,1
sobrietã,1,1
soft,1,1
trovaricetta,1,1
sohohouse,1,1
troppocaldo,1,1
troppobuona,1,1
triund,1,1
soiree,1,1
solarcity,1,1
soldiers,1,1
treviso,1,1
solimeneã,1,1
trendyshoes,1,1
solstice,1,1
somanylaughs,1,1
somuchlove,1,1
sonoradesert,1,1
trendoftheday,1,1
sonounadonnadasposare,1,1
sooninstore,1,1
sophialoren,1,1
snaked,1,1
snackoclock,1,1
tuscanyfood,1,1
snackattack,1,1
skylight,1,1
skyline,1,1
sleeping,1,1
sleepingdays,1,1
sleepy,1,1
slopestyle,1,1
slowbeauty,1,1
turquoisewater,1,1
slowfood,1,1
turquoise,1,1
slowly,1,1
slowmomentsofcalm,1,1
slowmorning,1,1
turmeric,1,1
smb,1,1
tureen,1,1
smilealways,1,1
smileit,1,1
smileitsthursday,1,1
tulipani,1,1
smilingeyes,1,1
smoothies,1,1
tulip,1,1
truth,1,1
trustyourjourney,1,1
storyteller,1,1
stpattysday,1,1
unavitacosã,1,1
teamlunch,1,1
tanzaniasafari,1,1
tarantella,1,1
tarteauxamandes,1,1
tarteauxpommes,1,1
tarteauxprunes,1,1
tasteintravel,1,1
tb,1,1
tiff,1,1
tiepolo,1,1
teachyourchildrenwell,1,1
thursdayvibes,1,1
teambuilding,1,1
teamwork,1,1
swimagram,1,1
teaparty,1,1
thursdaymorning,1,1
thunderhead,1,1
teaset,1,1
teatro,1,1
techicalwear,1,1
teddy,1,1
temperely,1,1
temperleylondon,1,1
templeoftheemeraldbuddha,1,1
temples,1,1
throwbackfriday,1,1
tightening,1,1
tantiauguriame,1,1
talioredprogrammes,1,1
takesavillage,1,1
tip,1,1
sydney,1,1
tabledecor,1,1
tablelinen,1,1
tablelinens,1,1
timetorelax,1,1
timeout,1,1
timelessitaly,1,1
timelesselegance,1,1
tablesettings,1,1
tacchineabbiamo,1,1
tadoba,1,1
tagazeffunne,1,1
tagsforlikes,1,1
timeforchanges,1,1
tailoredlifestyle,1,1
time,1,1
tailoringtraining,1,1
tiles,1,1
taj,1,1
tajmahal,1,1
takeapause,1,1
tiguardomale,1,1
tignes,1,1
takeoff,1,1
throw,1,1
thombrowne,1,1
thistle,1,1
thang,1,1
thankfulthursday,1,1
thanks,1,1
thetragicallyhip,1,1
thanksgivingblessing,1,1
thetelegraph,1,1
thesmahingpumpkins,1,1
theatre,1,1
thebeach,1,1
thebeautyofnature,1,1
thebest,1,1
theresnoplacelikehome,1,1
thebestteam,1,1
thecity_life,1,1
thepowertochange,1,1
thecitygrammers,1,1
thedarkknight,1,1
themostwonderfultimeofyear,1,1
thedoor,1,1
theenchantments,1,1
theeverygirl_,1,1
theloirevalley,1,1
thefocuseffect,1,1
thefrickmuseum,1,1
thelightwithin,1,1
thehighcostoffastfashion,1,1
thetuscantimes,1,1
theuniversehasyourback,1,1
thisiswhatwedo,1,1
theworldsbest,1,1
tempodisilenzio,1,1
tenerife,1,1
tenutatorciano,1,1
tenutatorcianowinery,1,1
tequiladay,1,1
terlizzi,1,1
thisisitaly,1,1
termini,1,1
terrace,1,1
terracotta,1,1
terrine,1,1
terrorists,1,1
tessuti,1,1
thisishome,1,1
tessutifabrics,1,1
thisisdope,1,1
tessutipregiati,1,1
tessutipreziosi,1,1
textiledecor,1,1
thinkpositive,1,1
textiledesign,1,1
textilelove,1,1
thinking,1,1
tgw,1,1
thailand,1,1
swing,1,1
sweettooth,1,1
stpauls,1,1
summerbody,1,1
total_italy,1,1
sugarbowl,1,1
sugarbuzz,1,1
sujan,1,1
toscanartistica,1,1
toscanamia,1,1
toscanagram,1,1
sumervermaphotography,1,1
toscanadabere,1,1
summer17,1,1
toscanabella,1,1
toscana_amoremio,1,1
tortoise,1,1
sweetpotatoes,1,1
tortamorbidaallefragole,1,1
summerevent,1,1
summerfoods,1,1
summerfun,1,1
summerishere,1,1
summerisstillhere,1,1
summerlovin,1,1
summermemories,1,1
summerpleasures,1,1
summerstorms,1,1
tortadimele,1,1
tortacompleanno,1,1
sugar,1,1
successful,1,1
totalblack,1,1
sublime,1,1
stpetersburg,1,1
strawberries,1,1
strawberry,1,1
street,1,1
trafficjam,1,1
stregis,1,1
stregisrome,1,1
strength,1,1
traffic,1,1
tradizione,1,1
traditions,1,1
strengthy,1,1
traditionalpottery,1,1
stressedout,1,1
strongnotskinny,1,1
strongsea,1,1
stucchi,1,1
studentlife,1,1
students,1,1
tradewinds,1,1
tracychevrolet,1,1
stylediaries,1,1
tourism_in_italy,1,1
touringram,1,1
toureiffel,1,1
tortacaprese,1,1
tortaalloyogurt,1,1
sunbed,1,1
superfun,1,1
support,1,1
supportlocalartists,1,1
supportlocalbusiness,1,1
supremeathlete,1,1
surfers,1,1
tivoli,1,1
surgeon,1,1
surichiesta,1,1
surrealism,1,1
surrealisti,1,1
surrealistimarte,1,1
survival,1,1
sustainability,1,1
tiredness,1,1
sweepstake,1,1
tiredeyes,1,1
sweet,1,1
sweetaholic,1,1
sweetdisaster,1,1
sweetdreams,1,1
sweetdreamsaremadeofthis,1,1
sweetheart,1,1
sweetlove,1,1
tiramisu,1,1
sweetness,1,1
superkegal,1,1
superfoods,1,1
sundamage,1,1
tmb,1,1
tortaallenocciole,1,1
torreclavel,1,1
sundaynight,1,1
torontoã,1,1
toprestaurantawards,1,1
sundayscoffee,1,1
sundayselfie,1,1
sundaysessentials,1,1
topnaplesphoto,1,1
sunglasses,1,1
sunnycountryside,1,1
top,1,1
sunprotection,1,1
sunrise_sunsets_aroundworld,1,1
tomatoes,1,1
sunsetlovers,1,1
sunsets,1,1
tomato,1,1
sunshineday,1,1
sunworshipper,1,1
suordinazione,1,1
sup,1,1
tmbã,1,1
tmbmagazine,1,1
superfan,1,1
sickkids,1,1
siciliangirl,1,1
vulcano,1,1
viewfromabove,1,1
rajmahal,1,1
ralphlauren,1,1
villagehouse,1,1
ramadan,1,1
rangeroverkitesurfing,1,1
raptors,1,1
villadeste,1,1
raspberry,1,1
villaanticamacina,1,1
views,1,1
viewfromthetop,1,1
viewfromplane,1,1
readingcorner,1,1
vimini,1,1
videography,1,1
realmedicine,1,1
rearranging,1,1
videographer,1,1
rebrand,1,1
reception,1,1
video,1,1
victoriajungfraugrandhotel,1,1
recruitment,1,1
redbed,1,1
redcanzian,1,1
redcar,1,1
villaggiodibabbonatale,1,1
rajasthantourism,1,1
villamary,1,1
villamediceadililliano,1,1
queenmoda,1,1
queensfavoutite,1,1
queensny,1,1
quietmorning,1,1
quinoa,1,1
quote,1,1
villedipalladio,1,1
quotesdaily,1,1
quotesoftheday,1,1
rabbitscameandwent,1,1
rabbitstagram,1,1
race,1,1
racehorse,1,1
villaveneta,1,1
races,1,1
radiators,1,1
radiofrequency,1,1
radish,1,1
raffaelevep,1,1
raffinatezza,1,1
ragazza,1,1
ragusa,1,1
rain,1,1
rains,1,1
rainyday,1,1
victoriafalls,1,1
thehome,1,1
redmoon,1,1
respect,1,1
vespagram,1,1
restinpeace,1,1
vespa,1,1
results,1,1
versace,1,1
reunion,1,1
reviews,1,1
reykawakubo,1,1
rf,1,1
rhino,1,1
rhinogram,1,1
veronacityoflove,1,1
veronacity,1,1
ricetteitaliane,1,1
ricettelight,1,1
ricetteperpassione,1,1
vernacular,1,1
ricordi,1,1
ricottacheese,1,1
riflessioni,1,1
riley,1,1
rimpianti,1,1
vermentino,1,1
ripartiamo,1,1
ripetiamoinsieme,1,1
vespalife,1,1
rescuedogs,1,1
redpassion,1,1
vestidodenovia,1,1
redroses,1,1
vibrant,1,1
redwine,1,1
referendum,1,1
referendumautonomia,1,1
reflectivedesigngraphics,1,1
reflex,1,1
refresh,1,1
refreshed,1,1
regal,1,1
reikawakubo,1,1
viaroma15,1,1
relationshipgoals,1,1
viaggidestate,1,1
viaggiando,1,1
veteransday2017,1,1
religiousprocession,1,1
vesuvius,1,1
remedies,1,1
rememberingthosewhomadetheworldabetterplace,1,1
remmese,1,1
renaissance,1,1
renemagritteã,1,1
reportage,1,1
rescuedog,1,1
quattro,1,1
vinaigrette,1,1
verbier2015,1,1
progress,1,1
volgocalabria,1,1
prideandprejudice,1,1
volcano,1,1
printedleather,1,1
printemps,1,1
prisma,1,1
privatevilla,1,1
prize,1,1
vogliolamamma,1,1
procidaisland,1,1
professional,1,1
profilepic,1,1
vivreareims,1,1
vineyard,1,1
projects,1,1
promotion,1,1
prophotographer,1,1
prosciuttobread,1,1
vivosumarteã,1,1
prototype,1,1
vivo_italia,1,1
vivaivegetariani,1,1
prototyping,1,1
vittorio,1,1
proudmoment,1,1
provence,1,1
prettylittlethings,1,1
prettylittle,1,1
volgoitaly,1,1
volgopalermo,1,1
powerofnature,1,1
volunteer,1,1
powpow,1,1
practice,1,1
volgovenezia,1,1
pranzetto,1,1
pranziestivi,1,1
volgosicilia,1,1
prayersforitaly,1,1
prayforitaly,1,1
prayfornice,1,1
prayforpeace,1,1
prayforvictimsã,1,1
precieux,1,1
precious,1,1
preciousmoments,1,1
preghiera,1,1
volgopuglia,1,1
prep,1,1
presents,1,1
presepedibarche,1,1
volgopositano,1,1
presidentialticket,1,1
pretty_little_italy,1,1
prettychic,1,1
vitl,1,1
vitamn,1,1
provenresults,1,1
visitabudhabi,1,1
vintagetabletop,1,1
puppyheaven,1,1
vintagetablelinens,1,1
puppylove,1,1
puppypug,1,1
vintagelevis,1,1
purepackagehealthtip,1,1
vintagegalliano,1,1
vintagedinnerware,1,1
vintagedecor,1,1
purestcashmere,1,1
purocachemire,1,1
purpleiris,1,1
vinotime,1,1
purpose,1,1
vinorosso,1,1
purposes,1,1
vinodoc,1,1
pursuepretty,1,1
pursuitofpretty,1,1
pyramid,1,1
pyramidedulouvre,1,1
vinobianco,1,1
vineyarddinner,1,1
qotd,1,1
pumpmeup,1,1
pumpkinspice,1,1
proviamolo,1,1
pumpkins,1,1
pugglelove,1,1
puggy,1,1
vitadamodellista,1,1
vitadadesigner,1,1
pugliabeach,1,1
pugliagram,1,1
vitadacani,1,1
puglialovers,1,1
puglife,1,1
puglover,1,1
pugs,1,1
vitadablogger,1,1
vitabella,1,1
viste,1,1
visittivoli,1,1
pugslife,1,1
visitsiena,1,1
pugsrequest,1,1
pugstagram,1,1
puliziediprimavera,1,1
pumpkincarving,1,1
visititalia,1,1
visitingruralfrance,1,1
pumpkinpatch,1,1
pumpkinrecipe,1,1
ripped,1,1
riscriviamolastoria,1,1
shushing,1,1
uttarakhanddiaries,1,1
seeds,1,1
seeingthepretty,1,1
seekingbeauty,1,1
seekingcolors,1,1
uwphotography,1,1
seekingperfection,1,1
uttarpradesh,1,1
seekmoments,1,1
seethrough,1,1
seeyouincapri,1,1
seidicavase,1,1
seidinapoli,1,1
selfiefriday,1,1
saturdaymood,1,1
selfiegram,1,1
uttarakhand,1,1
utah,1,1
usainparis,1,1
selfieoftheday,1,1
selfieportrait,1,1
selfies,1,1
selfievideo,1,1
urinaryincontinence,1,1
selfimprovement,1,1
selflove,1,1
urbanscape,1,1
secret,1,1
seastorm,1,1
vacanze,1,1
seasonalaffectivedisorder,1,1
savage,1,1
savelletri,1,1
savewildlife,1,1
saving,1,1
savoie,1,1
scaligercastle,1,1
scarf,1,1
scarfs,1,1
scarpeovunque,1,1
scaturchio_napoli,1,1
scaturchiopasticceria,1,1
scaturchiothebest,1,1
schwingfest,1,1
scrajo,1,1
scubadiving,1,1
scuoladimodellistica,1,1
vaffaday,1,1
seacreaturelove,1,1
vaffa,1,1
seacreatures,1,1
seafoodforthesoul,1,1
seagreen,1,1
sealife,1,1
sealink,1,1
seascape,1,1
selfridges,1,1
semplicitadellecose,1,1
sentierodeglidei,1,1
uncaffeconleamiche,1,1
shawls,1,1
sheep,1,1
uncaffe,1,1
sheikhzayedmosque,1,1
sheisnotlost,1,1
shells,1,1
shining,1,1
shitholecountries,1,1
shoeporn,1,1
shoes,1,1
unbicchieredivinolafelicitã,1,1
shoeslover,1,1
shootfromtheheart,1,1
shop,1,1
shopaholic,1,1
shoplocal,1,1
shoponline,1,1
shoppingday,1,1
shoppingonline,1,1
shoppingtherapy,1,1
shoppingtime,1,1
shore,1,1
shortcrust,1,1
shortcrustpastry,1,1
shospital,1,1
sharedawave,1,1
shaping,1,1
upwiththesun,1,1
shamelessselefie,1,1
seratecosi,1,1
serenity,1,1
upallnight,1,1
serifos,1,1
serotonin,1,1
serviziofotografico,1,1
setintentions,1,1
settecentoveneziano,1,1
unsorrisoperlastampa,1,1
settembre,1,1
unnao,1,1
settingthetableinstyle,1,1
universitã,1,1
sffoodie,1,1
universityofpadua,1,1
unity,1,1
uniquedesig,1,1
unipd,1,1
underwaterphotography,1,1
sfogliatella,1,1
underwater,1,1
shaadibymarriott,1,1
shakespeareinthepark,1,1
underthetuscansun,1,1
unconditional,1,1
saturdaymorning,1,1
saturday,1,1
rishikesh,1,1
rosaovunque,1,1
roman,1,1
romantheatre,1,1
romanticdining,1,1
romanticfeeling,1,1
romanticgetaway,1,1
romanticsoul,1,1
romanzo,1,1
venetiandream,1,1
romeoandjuliet,1,1
rooftops,1,1
roomwithaview,1,1
rosa,1,1
roseatehotelsandresorts,1,1
sashimi,1,1
roseatehouse,1,1
rosesã,1,1
roughride,1,1
roxyinthebox,1,1
royal,1,1
royalmalewane,1,1
ruaha,1,1
ruahanationalpark,1,1
venetiandiary,1,1
venetianart,1,1
venerdisanto,1,1
run,1,1
romagna,1,1
rogerscentre,1,1
rockyourvibe,1,1
venetoautonomo,1,1
ristoranteloguarracino,1,1
verapelle,1,1
venusti,1,1
ritual,1,1
river,1,1
riverside,1,1
venizia,1,1
riyaskomu,1,1
roadtrip,1,1
veneziagram,1,1
roadtripinfrance,1,1
venetolife,1,1
roastdinner,1,1
roastedchestnuts,1,1
roastedgrapes,1,1
robertosebastianmatta,1,1
rockandrollhalloffame,1,1
venetoindipendente,1,1
rockawaybeach,1,1
rockclimbing,1,1
venetoexperience,1,1
rockclimbingwall,1,1
venetodascoprire,1,1
rockefellercenternyc,1,1
rockinoldage,1,1
russia,1,1
rusticdecor,1,1
rusticessentials,1,1
salescampaign,1,1
salmonsushi,1,1
ve,1,1
salumi,1,1
salvadordali,1,1
sanbassiano16,1,1
sandals,1,1
sandwich,1,1
sangria,1,1
sanmarcoevangelista,1,1
sanoveganoitaliano,1,1
santagata,1,1
vaticancity,1,1
santascoming,1,1
santopatrono,1,1
sanvalentin,1,1
vasidafiori,1,1
sardegnagram,1,1
vases,1,1
variety,1,1
varanasi,1,1
sartorialcouture,1,1
van,1,1
sartorialleisure,1,1
sartorialpeopleweare,1,1
sartorialstyle_______ã,1,1
salmon,1,1
sales,1,1
rusticgram,1,1
vedononvedo,1,1
rusticinspiration,1,1
rusticpottery,1,1
sabato,1,1
sabatoitaliano,1,1
sabatomattina,1,1
sablã,1,1
sabyasachi,1,1
sacrecoeur,1,1
sadnews,1,1
safarichic,1,1
veggiefood,1,1
veggieburger,1,1
veggie_______,1,1
safarilodge,1,1
safaristyle,1,1
safariworld,1,1
safetyfirst,1,1
sagharbor,1,1
vegetables,1,1
sagradafamilia,1,1
saintagatha,1,1
saintlucia,1,1
salads,1,1
veg,1,1
vedutismo,1,1
sisterinlaw,1,1
101labradors,1,1
mumanddaughter,1,1
crazy,1,1
createbeauty,1,1
create,1,1
creamysoup,1,1
creamware,1,1
cream,1,1
crazyhair,1,1
cravings,1,1
creativecareer,1,1
craftsmen,1,1
craftsmanshipatitsfinest,1,1
craftsman,1,1
craftmanship,1,1
craftlover,1,1
crackofdawn,1,1
createyourownoffice,1,1
creativechristmas,1,1
cozydecor,1,1
crocifissione,1,1
crostatasbriciolata,1,1
crostatafattaincasa,1,1
crossbodybag,1,1
crossbody,1,1
crookesandjackson,1,1
crockery,1,1
cristianitã,1,1
creativedesign,1,1
cremino,1,1
crediamoci,1,1
creature,1,1
creativeprocess,1,1
creativepreneur,1,1
creativeentrepreneur,1,1
cozyness,1,1
cowminiatures,1,1
mules,1,1
copper,1,1
coscienzainteriore,1,1
cosamimetto,1,1
corsoumberto,1,1
corsicasummer,1,1
corporategift,1,1
corporate,1,1
coordinate,1,1
cosebelledellavita,1,1
coolstyle,1,1
coolpeople,1,1
coollifestyle,1,1
coolkat,1,1
coolhunteritaly,1,1
cookinitaly,1,1
cosebelledavvero,1,1
cosebelleneabbiamo,1,1
couturing,1,1
countingdays,1,1
couscous,1,1
countrylivingstyle,1,1
countrylivinginstyle,1,1
countrylife,1,1
countryhome,1,1
countrychic,1,1
cotone,1,1
cosechefannobenealcuore,1,1
cosyinteriors,1,1
costumeparty,1,1
costumeinstitute,1,1
costerasorrentina,1,1
cosmeticdermatologist,1,1
cosecheluccicano,1,1
crostate,1,1
crueltyfree,1,1
crystals,1,1
decorazioni,1,1
dejour,1,1
deia,1,1
degustazione,1,1
deeppowder,1,1
deepblue,1,1
decorazioninatalizie,1,1
decorative,1,1
deliceux,1,1
decoration,1,1
decoratingwithart,1,1
decemberphotochallenge,1,1
decemberdaily,1,1
decadent,1,1
deboda,1,1
delhidiaries,1,1
delicieux,1,1
cuccioli,1,1
denimskirt,1,1
designdaily,1,1
designanddecor,1,1
desertrose,1,1
dermaceutic,1,1
dentelle,1,1
denimwear,1,1
denimlovers,1,1
deliveries,1,1
denimdiaries,1,1
denimday,1,1
denimdaily,1,1
denimaddicted,1,1
demopoint,1,1
delizioso,1,1
daze,1,1
daydream,1,1
darlingday,1,1
custom,1,1
cuttingedge2017,1,1
cutedog,1,1
cut,1,1
customtravel,1,1
customtours,1,1
customcool,1,1
curry,1,1
darkside,1,1
cuppa,1,1
cuoridifrolla,1,1
cuori,1,1
cultura,1,1
cucinateochef,1,1
cucinachepassione,1,1
cycling,1,1
dabereneabbiamo,1,1
dailyinspiration,1,1
dailylook,1,1
dailypic,1,1
dairyfree,1,1
daisy,1,1
dalmata,1,1
dalmatian,1,1
daluigi,1,1
damasque,1,1
dametravelermini,1,1
danbaker,1,1
dangerzone,1,1
danville,1,1
darkchocolate,1,1
darknight,1,1
cookingwithlove,1,1
cookingschool,1,1
cookinglesson,1,1
chocolatelovers,1,1
christmasgift,1,1
christmasdecorations,1,1
christmasdecor,1,1
chooselove,1,1
choices,1,1
chocolates,1,1
chocolatekisses,1,1
christmasinitaly,1,1
chocolateheaven,1,1
chocolatecremeux,1,1
chocolat,1,1
chocaholic,1,1
chilltime,1,1
chillout,1,1
christmasgifts,1,1
christmasspecialgift,1,1
civuolepassione,1,1
cisiamoquasi,1,1
cityview,1,1
cityscape,1,1
cityoflights,1,1
cittã,1,1
cittadavedere,1,1
citizens,1,1
circle,1,1
christmasveg,1,1
cioccolatoesagerato,1,1
ciliegie,1,1
cibo,1,1
ciaccipiccolominidaragona,1,1
chubbydog,1,1
chubby,1,1
chillingtime,1,1
chill,1,1
childhoodjokes,1,1
championship,1,1
chebellagiornata,1,1
chasingwaterfalls,1,1
chant,1,1
channel5,1,1
changeisgood,1,1
changecanbeyours,1,1
champagne,1,1
chikankari,1,1
chamonix,1,1
challengeyourself,1,1
chalk,1,1
chakra,1,1
chai,1,1
cetera,1,1
checkintheshops,1,1
cheese,1,1
chelsea,1,1
chemeraviglia,1,1
cherrapunji,1,1
cherries,1,1
chetichand,1,1
chezblackpositano,1,1
chiaracanzian,1,1
chiaseeds,1,1
chicago,1,1
chicercasitrova,1,1
chicken,1,1
chickenlover,1,1
chicstyle,1,1
chiesanuova,1,1
chiffon,1,1
civitadibagnoregio,1,1
classici,1,1
cookinginitaly,1,1
coloripastello,1,1
comefareisenza,1,1
comedy,1,1
combinations,1,1
colourpop,1,1
colourpalette,1,1
coloupalette,1,1
coloridestate,1,1
comefaresenza,1,1
colori,1,1
colorfulvibes,1,1
colorfulsoul,1,1
colorfulpottery,1,1
colorblocking,1,1
colorblock,1,1
comefareisenzate,1,1
comfort,1,1
classics,1,1
congratulations,1,1
cookingforlove,1,1
convertible,1,1
convenience,1,1
contemporary,1,1
conservation,1,1
consciousliving,1,1
congrats,1,1
comfortfirst,1,1
condenastraveller,1,1
concert,1,1
compleanno,1,1
cominginhotã,1,1
comfytravels,1,1
comfortlife,1,1
coloradosunshine,1,1
collinetoscane,1,1
collectmoments,1,1
cntgiveitashot,1,1
coco,1,1
coat,1,1
cntravellerindia,1,1
cntraveler,1,1
cnthottablesxniravmodi,1,1
cnthottables,1,1
clouds,1,1
collection,1,1
clock,1,1
cliffdiving,1,1
cletile,1,1
cleanse,1,1
cleanenergy,1,1
classy,1,1
cocoabiscuits,1,1
cocochanel,1,1
coconutoil,1,1
cocoon,1,1
cofanetto,1,1
coffeeandbiscuits,1,1
coffeegram,1,1
coffeelove,1,1
coffeelovers,1,1
coffeemorning,1,1
coffeepic,1,1
coffeeset,1,1
colanderforberries,1,1
colazioneperfetta,1,1
cold,1,1
coliseum,1,1
collagenesis,1,1
designerlifestyle,1,1
designerwear,1,1
designideas,1,1
expectmiracles,1,1
explosion,1,1
exploreoregon,1,1
exploration,1,1
experts,1,1
experiencesicily,1,1
experience,1,1
expansion,1,1
exterior,1,1
exhibitionã,1,1
exerciseball,1,1
excited,1,1
excellence,1,1
evil,1,1
everymothercounts,1,1
exquisiteinteriors,1,1
exteriors,1,1
farmfresh,1,1
fallrecipes,1,1
familyselfie,1,1
familyrocks,1,1
familylife,1,1
familyhistory,1,1
familyfirst,1,1
falorni,1,1
faithfull,1,1
eye,1,1
fairtrade,1,1
faienceriedegien,1,1
facetime,1,1
fabulousfood,1,1
eyewear,1,1
eyes,1,1
everydayiskitesurfing,1,1
everyday,1,1
events,1,1
enjoysiena,1,1
equilibrio,1,1
equality,1,1
entertainment,1,1
entertainingmyself,1,1
enjoytoday,1,1
enjoythelittlethings,1,1
enjoyingtheview,1,1
eventibelli,1,1
enjoy,1,1
englishliterature,1,1
endofwinter,1,1
endlesslove,1,1
endlessgratitude,1,1
enchantment,1,1
es,1,1
escapeyourmind,1,1
espresso,1,1
espressoshot,1,1
espressotime,1,1
essentialoils,1,1
estateaddosso,1,1
estateitaliana,1,1
estsyshop,1,1
etsy,1,1
etsysellerofinstagram,1,1
etsysellersofinstagram,1,1
eudotecacuomo,1,1
europeancapitalofculture2019,1,1
evening,1,1
eveningsky,1,1
eveningwear,1,1
fango,1,1
farmland,1,1
enchantedisland,1,1
film,1,1
fiorichesbocciano,1,1
fioricheparlano,1,1
finelines,1,1
fineartravelphotography,1,1
fineartprint,1,1
findnewroads,1,1
filippocatarzi,1,1
fireceremony,1,1
figurinista,1,1
fightforfreedom,1,1
fieldsofgold,1,1
fields,1,1
fiche,1,1
fibroblaststimulation,1,1
fioridiprimavera,1,1
firefighters,1,1
fashioncares,1,1
fittingtime,1,1
flower,1,1
florida,1,1
florentine,1,1
florenceduomo,1,1
flashsale,1,1
flakes,1,1
fittingroom,1,1
firenzetiamo,1,1
fitstagram,1,1
fitlife,1,1
fitfood,1,1
fitfam,1,1
fishfestival,1,1
firstbirthday,1,1
fiat500,1,1
feutta,1,1
fetedupremiermai2017,1,1
fashionweek,1,1
feedfeed,1,1
featherlight,1,1
feastday,1,1
fearless,1,1
favoriteplace,1,1
fattoriasociale,1,1
fashiontrade,1,1
festivespirit,1,1
fashionstylist,1,1
fashionshow,1,1
fashionshoot,1,1
fashionlover,1,1
fashionista,1,1
fashionfirst,1,1
feedyourcreation,1,1
feedyourcreativity,1,1
feel,1,1
feelfree,1,1
feelhealthy,1,1
feelingfresh,1,1
feelinggood,1,1
feelingthelove,1,1
feelstrong,1,1
feminine,1,1
femininehealth,1,1
fennel,1,1
ferragamohotel,1,1
ferragosto,1,1
festadelpescepositano,1,1
festasantopatrono,1,1
festeggiamo,1,1
enchantedislandresort,1,1
en,1,1
designing,1,1
doc,1,1
dogoftheday,1,1
dogofinstagram,1,1
doglove,1,1
doglife,1,1
doctorsnote,1,1
docg,1,1
doarunforteddy,1,1
dogsdinner,1,1
divinemasculine,1,1
divinechocolate,1,1
divine,1,1
diva,1,1
disegniamatita,1,1
disegnando,1,1
dogs,1,1
dogslife,1,1
dontalwaysrush,1,1
dolcinatalizi,1,1
donewiththisshit,1,1
donate,1,1
domenichecosi,1,1
domenicasportiva,1,1
domenicamattinacosã,1,1
domenicamattina,1,1
dolcibelli,1,1
dogsofinsragram,1,1
dolcezze,1,1
dolcezzatime,1,1
dolcezza,1,1
dolce,1,1
doitwithpassion,1,1
dogstagram,1,1
discoverrome,1,1
discountcode,1,1
disastro,1,1
dessertgram,1,1
deusexmachina,1,1
dettaglidimoda,1,1
determination,1,1
detailsmakethedifference,1,1
destinationwedding,1,1
dessertlover,1,1
dessertfirst,1,1
disaster,1,1
dessert,1,1
desinger,1,1
designweekpdx,1,1
designstudio,1,1
designlife,1,1
designinspo,1,1
devilspool,1,1
dglovesnaples,1,1
dharamkot,1,1
dharamsala,1,1
diadelosmuertos,1,1
dianebrown,1,1
diciamocilaveritã,1,1
dicuore,1,1
dietdelivery,1,1
differentview,1,1
dilloconunlibro,1,1
dine,1,1
dining,1,1
diningroomdecor,1,1
dinnerathome,1,1
dinnerware,1,1
dinnerwithaview,1,1
donotbeafraid,1,1
dontforgetyoursunblock,1,1
emsela,1,1
eatgood,1,1
eattherainbow,1,1
eatstagram,1,1
eatpraylove,1,1
eatnatural,1,1
eatinwell,1,1
eatgreen,1,1
eat,1,1
ebolipalasele,1,1
easylanding,1,1
easy,1,1
easthampton,1,1
eastertime,1,1
eastermonday,1,1
easteregghunt,1,1
eatyourgreens,1,1
eclectic,1,1
dontlookback,1,1
elisirdipositano,1,1
empowering,1,1
emozionisenzatempo,1,1
emozionichenonsidimenticano,1,1
embracechange,1,1
emanule,1,1
elk,1,1
elginmarbles,1,1
edge,1,1
elephantparade,1,1
eleganceisanattitude,1,1
eiffeltower,1,1
eggshellblue,1,1
education,1,1
edruscha,1,1
easterbunny,1,1
easterbunnies,1,1
easter2017,1,1
dovelamamma,1,1
dreamdestinations,1,1
drdanbaker,1,1
draw,1,1
dragonfruit,1,1
doyourbest,1,1
dovevofarelafoodblogger,1,1
dosomethingnew,1,1
earlymorning,1,1
doppisensi,1,1
dopamine,1,1
doorsofitaly,1,1
doorsofinstagram,1,1
door,1,1
dontworrybehappy,1,1
dreamers,1,1
dreamingvibes,1,1
dreamondreamer,1,1
dreamonwednesdays,1,1
dreamseeker,1,1
dreamtime,1,1
driedorangesandribbons,1,1
drinking,1,1
drinkingwithasmile,1,1
drinklocal,1,1
drinksanyone,1,1
drishti,1,1
drmartinlutherkingjr,1,1
duomo,1,1
duomodiorvieto,1,1
dvd,1,1
eandiamo,1,1
cestlavie,1,1
cesenatico,1,1
cerises,1,1
aviation,1,1
baba,1,1
azzurro,1,1
awesomeglobe,1,1
awesomeassam,1,1
avoriaz,1,1
avo,1,1
autunnotiamo,1,1
babies,1,1
autunnointavola,1,1
autumnwalks,1,1
autumnwalking,1,1
autumnvibes,1,1
autumnrecipes,1,1
autumnrebirth,1,1
babaji,1,1
babybackribs,1,1
bakinglove,1,1
baglioni,1,1
bakegoods,1,1
bakedgoods,1,1
bake,1,1
baiaditrentova,1,1
bagseller,1,1
baglionihotels,1,1
badhair,1,1
babyitscoldoutside,1,1
badaimambara,1,1
backtoprimary,1,1
babyshower,1,1
babyroomdecor,1,1
babyroom,1,1
babylove,1,1
autumnpalette,1,1
autumnmood,1,1
autumnmeditation,1,1
ashtangayoga,1,1
athleisure,1,1
atelier,1,1
astoriacoffeeandteaco,1,1
assortaefelice,1,1
asiliaafrica,1,1
asia,1,1
asana,1,1
autumndecadence,1,1
arttherapy,1,1
arts,1,1
artofcheesemaking,1,1
artleavesamark,1,1
artists,1,1
artistlife,1,1
athletics,1,1
atmosphere,1,1
atranibeach,1,1
attitude,1,1
augustinfranceisbliss,1,1
austen,1,1
australia,1,1
autenticitã,1,1
authenticbakery,1,1
authenticlife,1,1
authenticonly,1,1
authenticph,1,1
authenticsonly,1,1
authentictravel,1,1
autonomiadelveneto,1,1
autumnal,1,1
autumncolorsã,1,1
bakestagram,1,1
balanced,1,1
artigianatoitaliano,1,1
beachinstagram,1,1
beautifulday,1,1
beautifulalltheway,1,1
beanbags,1,1
beams,1,1
beachtime,1,1
beachprints,1,1
beachinspo,1,1
beautifulinterior,1,1
beachgames,1,1
beachdance,1,1
beachclub,1,1
beachbum,1,1
beachbody,1,1
beachbedolympics,1,1
beautifulexplorers,1,1
beautyaddict,1,1
balancedchef,1,1
bedroomgoals,1,1
beetrootbrownies,1,1
beechic,1,1
bee,1,1
bedsidetable,1,1
bedsidelamp,1,1
bedroomset,1,1
bedding,1,1
beautybeginsinthebelly,1,1
bedallday,1,1
bebacksoon,1,1
beauvilletablecloth,1,1
beautyinsideandout,1,1
beautyhealthandfitness,1,1
beautygram,1,1
beachart,1,1
beachagram,1,1
bdayã,1,1
banditatuscany,1,1
baroque,1,1
barnyardanimal,1,1
barefootcontessafoolproof,1,1
barcelona,1,1
barbeque,1,1
bangkok,1,1
bandhas,1,1
bdayanniversary,1,1
banchina,1,1
balancing,1,1
balancesdiet,1,1
balancehormones,1,1
balancedmeals,1,1
balancediet,1,1
baroquestyle,1,1
basalcellcarcinoma,1,1
baseball,1,1
baselworld,1,1
baselworld2016,1,1
basics,1,1
basilicaofsanfrancescodassisi,1,1
basilicata,1,1
basilicofresco,1,1
bassano_del_grappa,1,1
bastaunlibroperesserefelici,1,1
bath,1,1
bathingsuit,1,1
bathroomdesign,1,1
bathroompicture,1,1
battlehynm,1,1
bayareabaseball,1,1
artinpadua,1,1
artdevivrealafrancaise,1,1
beige,1,1
africansafari,1,1
aise,1,1
airtime,1,1
aida,1,1
agropolivecchia,1,1
agra,1,1
agapanthes,1,1
africanbeauty,1,1
albicocche,1,1
afrecandesign,1,1
aerocity,1,1
aerialphotography,1,1
aerial,1,1
advice,1,1
adrift,1,1
alberto,1,1
albori,1,1
alwayslearning,1,1
alllove,1,1
alwar,1,1
alvoto,1,1
alverde,1,1
altar,1,1
alonetimewithmyself,1,1
almond,1,1
alliums,1,1
alcalduccio,1,1
allfoods,1,1
allergan,1,1
allday,1,1
alignment,1,1
alici,1,1
alfresco,1,1
adoptdontshop,1,1
adayinflorence,1,1
activewear,1,1
50shadesofcoffee,1,1
85degreeseveryday,1,1
7aday,1,1
777,1,1
76deanstreet,1,1
5secretsnobodytoldyouaboutphotography,1,1
5kfollowers,1,1
50shadesofblue,1,1
activelife,1,1
4thejuly,1,1
29,1,1
2500followers,1,1
22ottobre2017,1,1
2014,1,1
1sttimebacktoaspenin8years,1,1
90s,1,1
910fifthavenue,1,1
abiticerimonia,1,1
abitidacerimonia,1,1
abitisumisura,1,1
abouquetofflowers,1,1
aboutlastnight,1,1
aboutlastnightinparis,1,1
aboutsaturday,1,1
abouttoday,1,1
abricots,1,1
abudhabi,1,1
accessoires,1,1
accessori,1,1
achievegoals,1,1
acqua,1,1
action,1,1
always,1,1
amaflicoast,1,1
artandcrafts,1,1
antiquing,1,1
apex2100,1,1
aperol,1,1
aperitivotime,1,1
aperitiviamo,1,1
aperitivando,1,1
ape,1,1
antiquariato,1,1
applecake,1,1
antico,1,1
antiaging,1,1
anniversary,1,1
anni50,1,1
annawintour,1,1
annatto,1,1
apple,1,1
applepicking,1,1
amalfitancoast,1,1
arighe,1,1
arredamentointerni,1,1
arounthecorner,1,1
aroundsiena,1,1
arounditaly,1,1
aroomwithaview,1,1
armosphere,1,1
arienzobeach,1,1
appreciatebeauty,1,1
arenadiverona,1,1
archituttosesto,1,1
archisestoacuto,1,1
aragonesi,1,1
aptwareheaven,1,1
apricots,1,1
animalshapedtureen,1,1
animalsculpture,1,1
animals,1,1
amiche,1,1
amore,1,1
amigliara,1,1
amidsummersnightdream,1,1
amicizia,1,1
amichemie,1,1
amichedelcuore,1,1
americandesert,1,1
animallover,1,1
america,1,1
amer,1,1
amaretticookies,1,1
amarettibiscuits,1,1
amandes,1,1
amanbagh,1,1
anacapri,1,1
analytics,1,1
anantara,1,1
anantaraaljabalalakhdar,1,1
anchovies,1,1
ancienetmoderne,1,1
ancientart,1,1
ancientbuilding,1,1
ancientbuildings,1,1
ancientetmoderne,1,1
andamanislands,1,1
andremassonã,1,1
angkor,1,1
angkorwat,1,1
angles,1,1
anighttoremember,1,1
animaecuore,1,1
behumble,1,1
beintruth,1,1
cerimonie2018,1,1
cachemire,1,1
caffeedolcezza,1,1
caffe,1,1
cafegreco,1,1
cafe,1,1
cactus,1,1
cachemirescarf,1,1
cacaolovers,1,1
cakelover,1,1
cacao,1,1
cabbage,1,1
cabaretdolci,1,1
bã,1,1
by_night,1,1
butternutsquash,1,1
caffemacchiato,1,1
cakesmash,1,1
candlelight,1,1
camouflage,1,1
canals,1,1
canaletto,1,1
canadianrockies,1,1
canada150,1,1
canada,1,1
campania_bestsunset,1,1
camminospirituale,1,1
calabria,1,1
camminando,1,1
camicia,1,1
cambodiatrip,1,1
calming,1,1
calmdesign,1,1
calgary,1,1
butterflies,1,1
butfirstcoffee,1,1
butchershop,1,1
bronci,1,1
bruschetta,1,1
brunopositano,1,1
brunette,1,1
brunello,1,1
brothers,1,1
brooklyn,1,1
bromptonlifestyle,1,1
butcher,1,1
bromptonlife,1,1
bromptonchallenge,1,1
brompton,1,1
brocadefabrics,1,1
broadway,1,1
britishmuseumlondon,1,1
brussels,1,1
bts,1,1
bucadibacco,1,1
bucketlist,1,1
bucolic,1,1
buddhism,1,1
buenosdias,1,1
buonanno,1,1
buonanottecosã,1,1
buoncompleanno,1,1
buoneabitudini,1,1
buongiornocaffã,1,1
buongiornoprimavera,1,1
buonlunedi,1,1
burger,1,1
burrata,1,1
burro,1,1
candeleovunque,1,1
canebello,1,1
bringiton,1,1
catalunia,1,1
cavadetirreni,1,1
caturday,1,1
catstevens,1,1
catstergram,1,1
catering,1,1
catania,1,1
catalogna,1,1
cefalu,1,1
catalanart,1,1
casualwear,1,1
castleoflove,1,1
castelloinferiore,1,1
castellodimarostica,1,1
castellobanfi,1,1
cavern,1,1
cefalã,1,1
canecarlino,1,1
centralpark,1,1
ceramics,1,1
ceramichesolimene,1,1
ceramicheartistichesolimene,1,1
ceramiche,1,1
ceramic,1,1
centralstation,1,1
cenere,1,1
celebratekaana,1,1
ceneimportanti,1,1
cenaitaliana,1,1
celebrityskincare,1,1
celebrity,1,1
celebrities,1,1
celebratinglife,1,1
castelloaragonese,1,1
castello,1,1
casestoriche,1,1
capispalla,1,1
caprese,1,1
cappuccino,1,1
cappottoinvernale,1,1
capodorso,1,1
capodanno2017,1,1
capitaleeuropeadellacultura2019,1,1
capewelligama,1,1
cascata,1,1
cantwait,1,1
cantsleep,1,1
cantinetour,1,1
cantina,1,1
canigohomenow,1,1
canepigro,1,1
capri_awards,1,1
capricorn,1,1
capriristorante,1,1
caprisland,1,1
capture,1,1
caring,1,1
carlacoulsoncoaching,1,1
carlini,1,1
carliniditalia,1,1
carmen,1,1
carnevale2016,1,1
carpet,1,1
carre,1,1
cartamodelli,1,1
casadigiuletta,1,1
casadigiulietta,1,1
casalibera,1,1
britishcolumbia,1,1
brightside,1,1
bekind,1,1
bio,1,1
birthdayboy2017,1,1
birraartigianale,1,1
birdandflowers,1,1
bioorganic,1,1
biographer,1,1
biofood,1,1
billwillis,1,1
birthdayweekend,1,1
bikinimurah,1,1
bihar,1,1
bigswum,1,1
bigswim,1,1
bigcityshiz,1,1
bigblue,1,1
birthdayparty2017,1,1
biscottidinatale,1,1
blouses,1,1
blacktie,1,1
blooming,1,1
blogging,1,1
bloggerlife,1,1
blessingstoall,1,1
blessedlife,1,1
blepharoplasty,1,1
blackmagic,1,1
biscottini,1,1
blackfever,1,1
blackdavid,1,1
blackandwhite,1,1
bistrotdevenise,1,1
biscuitslover,1,1
biscuitmoments,1,1
biennaleparis2017,1,1
biennaledeparis,1,1
bicycle,1,1
berkeley,1,1
bespokedress,1,1
beselfish,1,1
berries,1,1
bernina,1,1
berkeleylondon,1,1
berkeleyhotel,1,1
bepsoke,1,1
bicolor,1,1
bench,1,1
belmondvillasantandrea,1,1
belltower,1,1
believers,1,1
believeinyourinnerbeyonce,1,1
belgianblack,1,1
bespokelifestlye,1,1
bespoketailor,1,1
bespokewedding,1,1
best,1,1
best_amalficoast,1,1
bestamalficoast,1,1
bestdressed,1,1
bestfriendever,1,1
bestitaliapics,1,1
bestof7,1,1
bestofnine2017,1,1
bestplace,1,1
bestplacetobe,1,1
bestrong,1,1
bestupid,1,1
betterwithfriends,1,1
bibliotecamaldura,1,1
bloopers,1,1
blueandgreentheme,1,1
brightlights,1,1
borsaatracolla,1,1
botoxcosmetic,1,1
botox,1,1
botanical,1,1
borsemadeinitaly,1,1
borse,1,1
borsatracolla,1,1
borninthetropics,1,1
boutiquehotel,1,1
borghitalia,1,1
boots,1,1
bootroom,1,1
boost,1,1
boooooom,1,1
bookstagram,1,1
bouquet,1,1
boutis,1,1
blueandwhitepottery,1,1
breakfastlovers,1,1
bright,1,1
bridgeofsighs,1,1
bridesmaids,1,1
bricks,1,1
brera,1,1
breath,1,1
breakfastinbed,1,1
boxmania,1,1
breadbasket,1,1
bravo,1,1
brass,1,1
braisedveg,1,1
brainactivator,1,1
boysofsummer,1,1
booksaremylife,1,1
booksaremyanchor,1,1
booksarefoodforthesoul,1,1
bluesteel,1,1
bobbieburnslodge,1,1
bobbieburns,1,1
bob,1,1
boatlife,1,1
bluoltremare,1,1
bluestripes,1,1
blues,1,1
bookcase,1,1
bluemorninglight,1,1
bluemood,1,1
bluejays,1,1
bluebirdsky,1,1
bluebird,1,1
blueberries,1,1
bodatime,1,1
bodhi,1,1
bodhitree,1,1
body,1,1
bodypositive,1,1
boh,1,1
bohemianlifestyle,1,1
bohobags,1,1
bohomoments,1,1
bohosoul,1,1
boldandbeautiful,1,1
bondi,1,1
bonjourtoutlemonde,1,1
bonneappetit,1,1
bonnenuit,1,1
bonton,1,1
book,1,1
flower_daily,1,1
flowerandquote,1,1
flowerart,1,1
lesvos,1,1
lettureorientali,1,1
letterstojuliet,1,1
letteraturainglese,1,1
letmetakeyouthere,1,1
letlifesurprisedyou,1,1
letlifehappen,1,1
lentils,1,1
lfw2016,1,1
lenticchie,1,1
lenny,1,1
lemontree,1,1
lemons,1,1
lemon,1,1
leggings,1,1
lettureyoga,1,1
lga,1,1
lifespleasures,1,1
lifeinitalty,1,1
lifeonafarmette,1,1
lifeiswild,1,1
lifeiswhatyoumakeit,1,1
lifeisgood,1,1
lifeisbetterupsidedown,1,1
lifeisablessing,1,1
lifeincapri,1,1
libertã,1,1
lifeanywayyouwantit,1,1
lievitazionenaturale,1,1
librichepassione,1,1
librichelascianoilsegno,1,1
libribelli,1,1
libri,1,1
legend,1,1
leganavaleitaliana,1,1
leftovers,1,1
latenight,1,1
1of135,1,1
launiupoko,1,1
launch,1,1
laughingbuddha,1,1
latuilealoupi,1,1
latristezza,1,1
latelunch,1,1
leemozioninonmuoionomai,1,1
lastagionedelcuore,1,1
laser,1,1
lasemplicitã,1,1
lasalvezza,1,1
lasaluteprimaditutto,1,1
lartdevivrealafranã,1,1
lavander,1,1
lavieestbelle,1,1
lavorazioneartigianale,1,1
lavorodipassione,1,1
lawkyntang,1,1
layered,1,1
layeredcake,1,1
learning,1,1
leatherbags,1,1
leatherjacket,1,1
lechatnoir,1,1
lecosebelledellavita,1,1
lecosebuonefannoingrassare,1,1
lecosecheamo,1,1
lecture,1,1
led,1,1
leelaudaipur,1,1
lifephotography,1,1
lifestylechanges,1,1
lapiazzetta,1,1
livethelittlething,1,1
livinginitaly,1,1
liveyourtruth,1,1
liveyourdreams,1,1
liveyourdream,1,1
livewelleatwell,1,1
livetravelchannel,1,1
livethelifestyle,1,1
livingyourbestlife,1,1
livesimply,1,1
livepadova,1,1
livemylife,1,1
livelovetravel,1,1
livelifelove,1,1
livelife,1,1
livingthings,1,1
local,1,1
lifestyles,1,1
londonbafta,1,1
londontownhouse,1,1
londonsky,1,1
londoniscalling,1,1
londonhotel,1,1
londonfood,1,1
londonevents,1,1
loguarracinopositano,1,1
localbrands,1,1
logoinspiration,1,1
logodesigner,1,1
logodesign,1,1
logo,1,1
loggiadellamercanzia,1,1
locarno69,1,1
livefreely,1,1
livefree,1,1
livecolorfully,1,1
lightworker,1,1
limited,1,1
lillyofthevalley,1,1
lilacflowers,1,1
lilacbouquet,1,1
lilac,1,1
likeforlike,1,1
lights,1,1
live,1,1
lightroompresets,1,1
lightreflection,1,1
lightmaker,1,1
lightfixture,1,1
lightest,1,1
ligalliisland,1,1
limitededitionprint,1,1
limogeporcelain,1,1
limportanteecrederci,1,1
lindt,1,1
lindtchocolate,1,1
lineadombra,1,1
linenforlife,1,1
lino,1,1
lip,1,1
liposuction,1,1
lisianthus,1,1
lisianthusflowers,1,1
listentoyourbody,1,1
literature,1,1
littlefirenze,1,1
littleitaly,1,1
littlethings,1,1
laquiete,1,1
lapacedeisensi,1,1
longboard,1,1
janvermeer,1,1
jardiniere,1,1
jardinalafrancaise,1,1
japanesefood,1,1
japaneseboostprogramme,1,1
japanese,1,1
japan,1,1
janeausten,1,1
jawai,1,1
jammuandkashmirtourism,1,1
jammuandkashmir,1,1
jamesbeard,1,1
jaipurlove,1,1
jaipurlitfest,1,1
jaipurjewels,1,1
jasmine,1,1
jawaileopardcamp,1,1
johnseverson,1,1
jetdeau,1,1
jmlxindia,1,1
jimmehepp,1,1
jewelry,1,1
jeunefillenfleur,1,1
jeunefille,1,1
jetsettering,1,1
jesuschrist,1,1
jazz,1,1
jesus,1,1
jerseyshore,1,1
jersey,1,1
jeneregretterien,1,1
jeanettereports,1,1
jazzday,1,1
jaipurdiaries,1,1
jadore,1,1
jacquesgarcia,1,1
italianstuffing,1,1
italyblog,1,1
italy_photolovers,1,1
italy_landscapes,1,1
italiatricolore,1,1
italianwine,1,1
italianvacation,1,1
italiansdoitbetter,1,1
jackson,1,1
italiansartorialclothing,1,1
italianrestaurant,1,1
italiano,1,1
italianmagazine,1,1
italianmade,1,1
italianlife,1,1
italyfoodprn,1,1
italyluxurytours,1,1
italyphotographyworkshop,1,1
italyrocks,1,1
italys,1,1
italytours,1,1
italytrip,1,1
italyã,1,1
itsabouttime,1,1
itsbetterat8000feet,1,1
itsmilanbaby,1,1
itsnotcute,1,1
itssaturday,1,1
itsselfietime,1,1
itsthelittledetailsthatcount,1,1
ivory,1,1
iã,1,1
joanmirã,1,1
johsonhartig,1,1
lanvin,1,1
knowledgeispower,1,1
labottegadibrunella,1,1
laborday,1,1
krishna,1,1
krbnyc,1,1
kochibiennale,1,1
kochi,1,1
knitwear,1,1
lacedetails,1,1
kiwi,1,1
kithchendecor,1,1
kitesurfingiswarmer,1,1
kitesurfingisbetter,1,1
kitefoil,1,1
kitchenwillbedonesoon,1,1
lace,1,1
ladakh,1,1
joie,1,1
lamiapizza,1,1
lanterns,1,1
lanotteportaconsiglio,1,1
landscapephotography,1,1
landscape_captures,1,1
landing,1,1
lamp,1,1
lamialibertã,1,1
ladomenica,1,1
lamiacittaelapiubelladelmondo,1,1
lamiacittadelcuore,1,1
lakecomo,1,1
lake,1,1
lahirimahasaya,1,1
lahaina,1,1
kitchenstories,1,1
kitchenfun,1,1
kissable,1,1
jungfrau,1,1
keepcalm,1,1
kale,1,1
juwellery,1,1
justiceforasifa,1,1
justgiving,1,1
justaniceguy,1,1
jumpsuit,1,1
kindness,1,1
jumpin,1,1
juliablinens,1,1
joyfolie,1,1
journey,1,1
jose,1,1
joinus,1,1
keepfaith,1,1
keepingfit,1,1
keepinspiring,1,1
keepitreal,1,1
keepmoving,1,1
keeponsmiling,1,1
keepyourheadhigh,1,1
kerala,1,1
keralatourism,1,1
kerriehessillustration,1,1
kewbeach,1,1
khalsi,1,1
khyberresort,1,1
kicthen,1,1
kidsroom,1,1
kimono,1,1
kindfulness,1,1
loneliness,1,1
longhi,1,1
italiangothic,1,1
meringue,1,1
metafore,1,1
messaggisubliminali,1,1
merrychristmas,1,1
mermaidlife,1,1
mermaid,1,1
meringues,1,1
meringhe,1,1
metaphor,1,1
mergellina,1,1
merendanapoletana,1,1
merendaitaliana,1,1
mercato,1,1
mercatinodellartigianato,1,1
mercatini,1,1
metaforedivita,1,1
metball2016,1,1
minigonne,1,1
mihirgarh,1,1
minerals,1,1
mindfulnessretreat,1,1
mindfullness,1,1
mimosa,1,1
mimmopaladino,1,1
milk,1,1
midnightblue,1,1
metgala,1,1
michaelturek,1,1
mfx30yearsandcounting,1,1
mexicanvibes,1,1
mexicaninspired,1,1
metmuseum,1,1
metkawakubo,1,1
meraviglia,1,1
meow,1,1
menswear,1,1
maythe4thbewithyou,1,1
medicaltherapy,1,1
mediatecaã,1,1
meals,1,1
mealpackage,1,1
mealdelivery,1,1
mcmasteruniversity,1,1
may,1,1
menssanaincorporesano,1,1
maximalism,1,1
maxicanstyle,1,1
maxernstã,1,1
mauresque,1,1
mattroberts,1,1
matrimonioitaliano,1,1
medicine,1,1
medioevo,1,1
meditando,1,1
meditate,1,1
meditations,1,1
meditazionetime,1,1
meet,1,1
megayacht,1,1
meghalaya,1,1
meissenporzellan,1,1
meiã,1,1
melancholy,1,1
mele,1,1
melomerito,1,1
melon,1,1
memorial,1,1
mensfashion,1,1
minigonna,1,1
minilaughland,1,1
matera,1,1
morningcoffee,1,1
moroccan,1,1
morningslikethese,1,1
morningruns,1,1
morningnuances,1,1
morninginspiration,1,1
morningflowers,1,1
moremeditationlessmedication,1,1
morzine,1,1
morellinodiscansano,1,1
morellino,1,1
morbidezza,1,1
moodlighting,1,1
moodboards,1,1
mood,1,1
morocco,1,1
motherearth,1,1
minime,1,1
mountainlife,1,1
mughal,1,1
muffin,1,1
moviesallday,1,1
movemore,1,1
mountainprintseries,1,1
mountainmama,1,1
mountain,1,1
mothersday,1,1
motorbikes,1,1
motivazionedelgiorno,1,1
motivazioneabbiamo,1,1
motivazione,1,1
motivationtuesday,1,1
motivated,1,1
monumentonazionale,1,1
montepulciano,1,1
montanahoneybeeco,1,1
missyou,1,1
modelmagic,1,1
modellisticaprofessionale,1,1
modelling,1,1
modapositano,1,1
misterious,1,1
mist,1,1
missingout,1,1
monsoon,1,1
missingmymom,1,1
missinghersomuch,1,1
misosoup,1,1
mirissabeach,1,1
mirissa,1,1
minivacanzina,1,1
modena,1,1
modepersonelle,1,1
modestiaparte,1,1
mohair,1,1
moltocool,1,1
momanddad,1,1
momenticosã,1,1
momentifelici,1,1
momentslikethis,1,1
moms,1,1
monastero,1,1
monasteromedievale,1,1
monastery,1,1
mondayflow,1,1
mondayfunday,1,1
mondaytreats,1,1
monicabellucci,1,1
matrimonibelli,1,1
matchesthedecor,1,1
longisland,1,1
loves_united_italia,1,1
lovethelifeyoulive,1,1
lovesummer,1,1
lovestory,1,1
loves_venice,1,1
loves_veneto,1,1
loves_united_salerno,1,1
loves_team_members,1,1
lovethesegirls,1,1
loves_team_italy,1,1
loves_italy,1,1
loves_bestpic,1,1
lovepugs,1,1
lovephotography,1,1
lovepeonies,1,1
lovetheocean,1,1
lovetobake,1,1
luxe,1,1
lucedelsole,1,1
lunedimattina,1,1
luminariasandomenico2016,1,1
luisvuitton,1,1
luckyeleven,1,1
lucfuller,1,1
lucernelake,1,1
lucashugh,1,1
lovetuscany,1,1
lucagiordano,1,1
lowveld,1,1
loveyourmother,1,1
loveyouall,1,1
loveyogitea,1,1
lovewhatyoudo,1,1
lovemyjourney,1,1
lovemyfriends,1,1
lovemilano,1,1
loom,1,1
loungeliving,1,1
lounge,1,1
louisxv,1,1
lostinthought,1,1
loradelthe,1,1
lorachepreferisco,1,1
looksgoodtome,1,1
lovelyplace,1,1
lookingrough,1,1
lookinggood,1,1
lookingforwardtospring2017,1,1
lookingforscotland,1,1
lookingfor,1,1
longweekend,1,1
loungelover,1,1
loungemode,1,1
louvremuseum,1,1
loveall,1,1
loveandthanks,1,1
lovechocolate,1,1
loveconquershate,1,1
lovecooking,1,1
loved,1,1
lovedogs,1,1
loveisgrand,1,1
loveitalia,1,1
lovelace,1,1
loveletter,1,1
lovelettertoitaly,1,1
lovelife,1,1
lovely,1,1
lungoilfiume,1,1
luxuryboat,1,1
masseriapotenti,1,1
maproprio,1,1
margheriteovunque,1,1
maremmapark,1,1
mardigras,1,1
marcheauxpuces,1,1
marble,1,1
marakech,1,1
mann,1,1
mariangelalevita,1,1
maninpasta,1,1
maniinpasta,1,1
mandu,1,1
mandorle,1,1
maldurapalace,1,1
maldives,1,1
mariages,1,1
marianmcevoy,1,1
luxuryhotel,1,1
marmalade,1,1
masaccio,1,1
maruzze,1,1
martemediatecaã,1,1
marte,1,1
marsmeeting,1,1
marosticagrandeamore,1,1
markets,1,1
marina,1,1
marketingjob,1,1
market,1,1
marinadivico,1,1
marinadipraia,1,1
marinadicassano,1,1
marinaaltramonto,1,1
makingthingsright,1,1
makingmemoriesforlife,1,1
makingmemoriesforalifetime,1,1
madeinusaã,1,1
madhotballet,1,1
madewithlove,1,1
madetoorders,1,1
madetomeasure,1,1
madeit,1,1
madeinveneto,1,1
madeinitalylifestyle,1,1
makeverydaybeautiful,1,1
made_in_italy,1,1
madcatlady,1,1
machissenefrega,1,1
lyrics,1,1
luxurywear,1,1
luxuryhotels,1,1
madhyapradesh,1,1
madonnadellegalline,1,1
madonnadellegalline2017,1,1
madre,1,1
magiadiunistante,1,1
magicalflowers,1,1
magpielove,1,1
majorca,1,1
makeachange,1,1
makeeverydaycount,1,1
makeitloud,1,1
makemelaugh,1,1
makeshearthappy,1,1
makeshift,1,1
makesmehappy,1,1
makethistheyearofyou,1,1
makevenetogreatagain,1,1
italianleather,1,1
italianfoodporn,1,1
flowerbouquet,1,1
good_vibes,1,1
goodmorningvibes,1,1
goodmorningspring,1,1
goodmornig,1,1
goodmonday,1,1
goodcoffeepdx,1,1
goodbye,1,1
goneswimming,1,1
goodmorningworld,1,1
gondolaride,1,1
gondalier,1,1
goldentemple,1,1
goldenteardrop,1,1
golden,1,1
gokwan,1,1
goodmorningwednesday,1,1
goodnighteverybody,1,1
granddaughter,1,1
gottaloveboys,1,1
grand,1,1
grancarnevaledimaiori,1,1
graduationday,1,1
graduation,1,1
graciousliving,1,1
grace,1,1
goticorinascimentale,1,1
goodnightvibes,1,1
gotham,1,1
gorgeous,1,1
gorddownie,1,1
gooselove,1,1
goodwork,1,1
goodwines,1,1
gojiberry,1,1
gohealthy,1,1
gogreen,1,1
giraffa,1,1
gitarelle,1,1
girlsvacation,1,1
girlsroomdecor,1,1
girlsdesign,1,1
girlpower,1,1
girl,1,1
gipsystyle,1,1
goforit,1,1
gipsysouls,1,1
giovinazzo,1,1
giornodifesta,1,1
giornatedadimenticare,1,1
giornatecosã,1,1
giornatecosi,1,1
giudiziouniversale,1,1
giuliaenic,1,1
giuliettaeromeo,1,1
giveaway,1,1
giveback,1,1
givewinterthebird,1,1
giveyourselfpermission,1,1
glamorous,1,1
glamphoto,1,1
glance,1,1
glass,1,1
goalsfor2018,1,1
goat,1,1
gobaking,1,1
gobeyond,1,1
godbless,1,1
godiamocilavita,1,1
grandcanal,1,1
grandmosque,1,1
giorgiodechirico,1,1
handmadeisbetter,1,1
happinesschallenge,1,1
happeninginparis,1,1
hansbellmer,1,1
hangontight,1,1
handsup,1,1
handmadewithlove,1,1
handmadeinitaly,1,1
happybaking,1,1
handmadebaskets,1,1
handloom,1,1
handcraftedceramics,1,1
handcraft,1,1
hamptons,1,1
hampshire,1,1
happy4th,1,1
happybirthdayamerica,1,1
grandmosqueabudhabi,1,1
happystpatricksday,1,1
harvest,1,1
harmfulpeople,1,1
haring,1,1
happyvalentinesday,1,1
happytimes,1,1
happytime,1,1
happypeople,1,1
happybirthdaytome,1,1
happyness,1,1
happymonday,1,1
happymoments,1,1
happylife,1,1
happyhourallnight,1,1
happyhannukah,1,1
hammocklife,1,1
hamilton,1,1
hamburgergourmet,1,1
greecerocks,1,1
greenlife,1,1
greeneyes,1,1
greenenvy,1,1
greencolor,1,1
greekhistory,1,1
greekantiquity,1,1
greatlogodesign,1,1
halloween2017,1,1
greatlearning,1,1
graziemille,1,1
grazie,1,1
gratefulheart,1,1
grape,1,1
grandtrianon,1,1
greenloving,1,1
greentea,1,1
greve,1,1
grimentz,1,1
groovy,1,1
grotto,1,1
grottopalazzese,1,1
guacamole,1,1
gucci,1,1
guccighost,1,1
guesthouse,1,1
guinessworldrecord,1,1
gulfofnaples,1,1
guwahati,1,1
gymlife,1,1
hairromance,1,1
hajiali,1,1
giornatebelle,1,1
gioiadivivere,1,1
hatewillneverwinsã,1,1
frasigiuste,1,1
freelancedesigner,1,1
freedomliving,1,1
freedomlife,1,1
free,1,1
freckles,1,1
frasitumblr,1,1
frankeserafico,1,1
freerange,1,1
frank,1,1
frangipanetart,1,1
francia,1,1
franceã,1,1
francasozzani,1,1
frame,1,1
freelancegraphicdesigner,1,1
freesoul,1,1
freshstart,1,1
frenchlifestyle,1,1
freshfood,1,1
frenchwindows,1,1
frenchtraditionsoutherncharm,1,1
frenchsummerholidays,1,1
frenchrenaissance,1,1
frenchpate,1,1
frenchfaience,1,1
freespirit,1,1
frenchcraftsmanshipatitsbest,1,1
frenchcountrydecor,1,1
frenchclassic,1,1
frenchcastle,1,1
frenchbasket,1,1
french,1,1
fragole,1,1
fpwellness,1,1
fpfreestyle,1,1
floweryprint,1,1
foodchannel,1,1
followyourdreams,1,1
followfriday,1,1
folkplaces,1,1
folklore,1,1
foiling,1,1
flowery,1,1
fourseasonsmaldives,1,1
flowervibes,1,1
flowertheraphy,1,1
flowerslovers,1,1
flowerprint,1,1
flowerphotography,1,1
flowerlover,1,1
foodforfashion,1,1
foodgram,1,1
foodiegram,1,1
foodpackage,1,1
foodphotographer,1,1
foodpicture,1,1
foods,1,1
foodstylist,1,1
footrace,1,1
forbesbesttravelguides,1,1
forevergrateful,1,1
forgive,1,1
fortkochi,1,1
fortuny,1,1
fotografia,1,1
fountain,1,1
fourseasons,1,1
freshlybakedmuffins,1,1
freshtea,1,1
gilgo,1,1
gatewayofindia,1,1
geneva,1,1
generosity,1,1
generazionedifenomeni,1,1
gazebo,1,1
gaudi,1,1
gatheringaroundthetable,1,1
gargiulobreadewine,1,1
gentlewaves,1,1
garethpughstudio,1,1
garethpugh,1,1
gardnersbay,1,1
gardeninspiration,1,1
gardeningwithstyle,1,1
gardening,1,1
gentleman,1,1
genã,1,1
fridayfun,1,1
gettingmygwavesonforskinrejuvenation,1,1
gianniversace,1,1
giallolimone,1,1
ghtlakecomo,1,1
gf_italy,1,1
getyours,1,1
gettingstarted,1,1
getthevibe,1,1
geometric,1,1
getoutthere,1,1
getoutexplore,1,1
getmoving,1,1
getfit,1,1
getafteriteveryday,1,1
georgianbay,1,1
gangesriver,1,1
ganesha,1,1
galleries,1,1
friyay,1,1
fuelforfashion,1,1
fruitandvegetables,1,1
fruitandveges,1,1
frontdeskteam,1,1
frollamonamour,1,1
frollaalcacao,1,1
friendsforlife,1,1
galleriedellaccademiadivenezia,1,1
friendsforever,1,1
friend,1,1
fridaywords,1,1
fridayvibes,1,1
fridaytreats,1,1
fridaysbelike,1,1
fullagenda,1,1
fullredmoon,1,1
fulmini,1,1
funday,1,1
fundraiser,1,1
funnydog,1,1
funnyfridays,1,1
fw17,1,1
g2g,1,1
gabrielkreuther,1,1
gaeta,1,1
gains,1,1
galette,1,1
galle,1,1
galleriaprincipe,1,1
galleriaumberto,1,1
galleriavittorioemanuele,1,1
hashtag,1,1
haveaniceday,1,1
italianflag,1,1
infinity,1,1
innerbeauty,1,1
inlovewithcolors,1,1
inlovewithbeautifulthings,1,1
injured,1,1
injections,1,1
initaly,1,1
indoorgardening,1,1
inpace,1,1
indigo,1,1
indiatourism,1,1
indianwedding,1,1
indiansummer,1,1
indianreservation,1,1
indialovers,1,1
innerstrength,1,1
inrivaalmare,1,1
instaart,1,1
inspirationsstyle,1,1
insta180,1,1
insta,1,1
inspiredtoinspire,1,1
inspiredlife,1,1
inspired,1,1
inspire,1,1
inspirationoftheday,1,1
insideoutside,1,1
inspirationiseverywhere,1,1
inspirationeverywhere,1,1
inspirationals,1,1
inspirationalquotes,1,1
inspirationalpatterns,1,1
inspirationalliving,1,1
incredibleuttarakhand,1,1
incendio,1,1
incaproductions,1,1
igersverona,1,1
illavorocheamo,1,1
ilborro,1,1
iitallianamerican,1,1
igpuglia,1,1
ignoranzainfinita,1,1
igfriends_campania,1,1
igerstreviso,1,1
impressionismo,1,1
igerstoscana,1,1
igerssicilia,1,1
igerspadova,1,1
igersbassano,1,1
igers_verona,1,1
igers_toscana,1,1
ilmiotempolibero,1,1
ilmioyoga,1,1
ilovebeautifulthings,1,1
iloveblueandwhite,1,1
ilovebooks,1,1
ilovecooking,1,1
ilovegreece,1,1
iloveibex,1,1
ilovemydog,1,1
ilovesummer,1,1
ilsanpietro,1,1
ilsanpietrohotel,1,1
imagine,1,1
immacolataconcezione,1,1
immunitybooster,1,1
importanceofchange,1,1
impressionism,1,1
insta_food,1,1
instabaked,1,1
igers_italia,1,1
invasatitaly,1,1
irpinia,1,1
ipsedixit,1,1
iomicapisco,1,1
inviting,1,1
invitadaideal,1,1
invitadaconestilo,1,1
invasaitaly,1,1
isabellarossellini,1,1
invacanza,1,1
intrippatitaly,1,1
intothewild,1,1
intothelight,1,1
inthistogether,1,1
inthenameoflove,1,1
irvingpenn,1,1
islandinterior,1,1
instabooks,1,1
italiana,1,1
italianexperience,1,1
italianelegance,1,1
italiandinner,1,1
italiancoffee,1,1
italianarchitecture,1,1
italianamerican,1,1
italian_hotels,1,1
isleofwight,1,1
italiaintavola,1,1
italia360gradi,1,1
ispirazioneovunque,1,1
ispirazionedelgiorno,1,1
ispirazione,1,1
isoladicapri,1,1
internetdown,1,1
internationalwomensday2017,1,1
internationaldayofthegirl,1,1
instaframe,1,1
instamoda,1,1
installationart,1,1
instahealthy,1,1
instahappy,1,1
instagramdogs,1,1
instagoodmorning,1,1
instafoodie,1,1
interlaken,1,1
instafit,1,1
instadogs,1,1
instadog,1,1
instacooking,1,1
instachef,1,1
instacaffe,1,1
instamoment,1,1
instamonday,1,1
instamornings,1,1
instantgratification,1,1
instapadova,1,1
instaportrait,1,1
instaquote,1,1
instasale,1,1
instashop,1,1
instaski,1,1
instasunset,1,1
instasweet,1,1
instasweets,1,1
instaveneto,1,1
instayoga,1,1
interiordecor,1,1
interiorsmoodboard,1,1
igers_procida,1,1
igers_firenze,1,1
havefaith,1,1
highquality,1,1
hindustyle,1,1
hinduretreat,1,1
hindu,1,1
hiking,1,1
hijab,1,1
highqualitycotton,1,1
highperformance,1,1
hiring,1,1
highonnature,1,1
highlandsbowl,1,1
highlands,1,1
highdiving,1,1
hiddenplace,1,1
heroesofhealth,1,1
hippo,1,1
historiccenter,1,1
homemadepastry,1,1
holistichealth,1,1
homeentertaining,1,1
homecooking,1,1
homeandgarden,1,1
holyinstant,1,1
hollywood,1,1
holloweyes,1,1
holidayseason2017,1,1
historyofitaly,1,1
holidays,1,1
holidaycheer,1,1
holdingontothebest,1,1
hockey,1,1
hoboken,1,1
hobisognodiunapausa,1,1
hero,1,1
hermesleilamenchari,1,1
henlove,1,1
healthfromwithin,1,1
healthyfestival,1,1
healthyfat,1,1
healthychoices,1,1
healthjob,1,1
healthier,1,1
healthgoals,1,1
healthfood,1,1
helthyfood,1,1
healthcare,1,1
healingfood,1,1
headoverheels,1,1
headovaryheels,1,1
hbd,1,1
havingfunwith,1,1
healthyhabits,1,1
healthylife,1,1
healthylunch,1,1
healthymeal,1,1
healthymornings,1,1
heartchakra,1,1
hearthpizza,1,1
heather,1,1
heavenofthehandmade,1,1
heelsaddict,1,1
heidimortlock,1,1
heighteencentury,1,1
heliskiiing,1,1
helleboreseason,1,1
helpingkids,1,1
helpingothers,1,1
helpraiseawareness,1,1
homemadecooking,1,1
homesweethomeinparis,1,1
igers_captures,1,1
ig_captured,1,1
ig_fotoitaliane,1,1
ig_florence,1,1
ig_firenze_,1,1
ig_firenze,1,1
ig_espaã,1,1
ig_catania,1,1
ig_calabria,1,1
ig_naples,1,1
ig_assisi,1,1
ig_amalfi,1,1
ig,1,1
ifatfirstyoudontsucceed,1,1
ideeneabbiamo,1,1
iconic,1,1
ig_lakecomo,1,1
ig_napule,1,1
homesweethomeã,1,1
ig_umbria,1,1
igaustralia,1,1
igamalficoast,1,1
ig_world,1,1
ig_week_xmascity,1,1
ig_venice_,1,1
ig_venezia,1,1
ig_tivoli,1,1
ig_palermo,1,1
ig_sorrentocoast,1,1
ig_sicily,1,1
ig_ravello,1,1
ig_ragusa,1,1
ig_praiano,1,1
ig_pompei,1,1
icon,1,1
ibex,1,1
iamonewiththelight,1,1
hospitalitylife,1,1
hotelsantacaterina,1,1
hotelinterior,1,1
hotelgalatenerife,1,1
hotelcarpet,1,1
hotelbalocco,1,1
hotdogs,1,1
hospital,1,1
iamonewiththeforce,1,1
horrible,1,1
hormonebalance,1,1
honor,1,1
honeymoon,1,1
honey,1,1
honest,1,1
hotlove,1,1
hotroppecosedafare,1,1
housebeautiful,1,1
housebeautifulmagazine,1,1
howmanymore,1,1
hq,1,1
huffingtonpost,1,1
hughjackman,1,1
hugo,1,1
humaqureshi,1,1
humayunstomb,1,1
humboldt,1,1
hungry,1,1
hunter,1,1
hurricane,1,1
hurricanejose,1,1
hydrangeas,1,1
â¼rgenstock,1,1
